Timestamp,Status,Eye_Aspect_Ratio,Mouth_Aspect_Ratio,Blink_Count,Yawn_Count
2024-11-27 23:31:08,Active,0.313,0.300,0,0
2024-11-27 23:31:08,Active,0.254,0.286,0,0
2024-11-27 23:31:08,Active,0.304,0.333,0,0
2024-11-27 23:31:08,Active,0.321,0.363,0,0
2024-11-27 23:31:08,Active,0.304,0.343,0,0
2024-11-27 23:31:08,Active,0.313,0.340,0,0
2024-11-27 23:31:08,Active,0.320,0.340,0,0
2024-11-27 23:31:09,Active,0.327,0.365,0,0
2024-11-27 23:31:09,Active,0.340,0.435,0,0
2024-11-27 23:31:09,Active,0.376,0.372,0,0
2024-11-27 23:31:09,Active,0.355,0.388,0,0
2024-11-27 23:31:09,Active,0.357,0.411,0,0
2024-11-27 23:31:09,Active,0.351,0.375,0,0
2024-11-27 23:31:09,Active,0.369,0.412,0,0
2024-11-27 23:31:09,Active,0.340,0.408,0,0
2024-11-27 23:31:09,Active,0.329,0.395,0,0
2024-11-27 23:31:09,Active,0.342,0.335,0,0
2024-11-27 23:31:10,Active,0.333,0.378,0,0
2024-11-27 23:31:10,Active,0.338,0.357,0,0
2024-11-27 23:31:10,Active,0.323,0.344,0,0
2024-11-27 23:31:10,Active,0.329,0.350,0,0
2024-11-27 23:31:10,Active,0.320,0.373,0,0
2024-11-27 23:31:10,Active,0.301,0.381,0,0
2024-11-27 23:31:10,Active,0.355,0.384,0,0
2024-11-27 23:31:10,Active,0.338,0.379,0,0
2024-11-27 23:31:10,Active,0.303,0.459,0,0
2024-11-27 23:31:10,Active,0.334,0.454,0,0
2024-11-27 23:31:11,Active,0.342,0.393,0,0
2024-11-27 23:31:11,Active,0.342,0.368,0,0
2024-11-27 23:31:11,Active,0.362,0.425,0,0
2024-11-27 23:31:11,Active,0.360,0.366,0,0
2024-11-27 23:31:11,Active,0.374,0.337,0,0
2024-11-27 23:31:11,Active,0.363,0.393,0,0
2024-11-27 23:31:11,Active,0.351,0.367,0,0
2024-11-27 23:31:11,Active,0.354,0.383,0,0
2024-11-27 23:31:11,Active,0.151,0.389,0,0
2024-11-27 23:31:11,Active,0.297,0.374,0,0
2024-11-27 23:31:12,Active,0.364,0.394,0,0
2024-11-27 23:31:12,Active,0.391,0.390,0,0
2024-11-27 23:31:12,Active,0.371,0.368,0,0
2024-11-27 23:31:12,Active,0.363,0.414,0,0
2024-11-27 23:31:12,Active,0.383,0.386,0,0
2024-11-27 23:31:12,Active,0.365,0.367,0,0
2024-11-27 23:31:12,Active,0.339,0.378,0,0
2024-11-27 23:31:12,Active,0.345,0.434,0,0
2024-11-27 23:31:12,Active,0.355,0.413,0,0
2024-11-27 23:31:12,Active,0.393,0.422,0,0
2024-11-27 23:31:13,Active,0.392,0.393,0,0
2024-11-27 23:31:13,Active,0.419,0.450,0,0
2024-11-27 23:31:13,Active,0.401,0.454,0,0
2024-11-27 23:31:13,Active,0.395,0.419,0,0
2024-11-27 23:31:13,Active,0.402,0.435,0,0
2024-11-27 23:31:13,Active,0.395,0.432,0,0
2024-11-27 23:31:13,Active,0.198,0.438,0,0
2024-11-27 23:31:13,Active,0.080,0.402,0,0
2024-11-27 23:31:13,SLEEPING !!!,0.107,0.404,0,0
2024-11-27 23:31:13,SLEEPING !!!,0.109,0.436,0,0
2024-11-27 23:31:14,SLEEPING !!!,0.170,0.397,0,0
2024-11-27 23:31:14,Active,0.317,0.406,1,0
2024-11-27 23:31:14,Active,0.358,0.439,1,0
2024-11-27 23:31:14,Active,0.388,0.424,1,0
2024-11-27 23:31:14,Active,0.388,0.432,1,0
2024-11-27 23:31:14,Active,0.407,0.444,1,0
2024-11-27 23:31:14,Active,0.387,0.431,1,0
2024-11-27 23:31:14,Active,0.106,0.443,1,0
2024-11-27 23:31:14,Active,0.151,0.422,1,0
2024-11-27 23:31:14,Mild Yawn,0.308,0.474,1,1
2024-11-27 23:31:15,Moderate Yawn !,0.334,0.607,1,1
2024-11-27 23:31:15,Moderate Yawn !,0.381,0.733,1,1
2024-11-27 23:31:15,Moderate Yawn !,0.371,0.795,1,1
2024-11-27 23:31:15,Moderate Yawn !,0.360,0.749,1,1
2024-11-27 23:31:15,Moderate Yawn !,0.357,0.778,1,1
2024-11-27 23:31:15,Moderate Yawn !,0.360,0.719,1,1
2024-11-27 23:31:15,Severe Yawn !!!,0.369,0.813,1,1
2024-11-27 23:31:15,Moderate Yawn !,0.366,0.766,1,1
2024-11-27 23:31:15,Moderate Yawn !,0.361,0.629,1,1
2024-11-27 23:31:15,Mild Yawn,0.356,0.432,1,1
2024-11-27 23:31:16,Mild Yawn,0.344,0.363,1,1
2024-11-27 23:31:16,Mild Yawn,0.356,0.379,1,1
2024-11-27 23:31:16,Mild Yawn,0.332,0.364,1,1
2024-11-27 23:31:16,Mild Yawn,0.226,0.375,1,1
2024-11-27 23:31:16,Mild Yawn,0.125,0.366,1,1
2024-11-27 23:31:16,SLEEPING !!!,0.133,0.357,1,1
2024-11-27 23:31:16,SLEEPING !!!,0.093,0.354,1,1
2024-11-27 23:31:16,SLEEPING !!!,0.225,0.441,1,1
2024-11-27 23:31:16,Mild Yawn,0.352,0.377,2,1
2024-11-27 23:31:16,Mild Yawn,0.398,0.404,2,1
2024-11-27 23:31:17,Mild Yawn,0.398,0.383,2,1
2024-11-27 23:31:17,Mild Yawn,0.404,0.406,2,1
2024-11-27 23:31:17,Mild Yawn,0.323,0.401,2,1
2024-11-27 23:31:17,Mild Yawn,0.127,0.436,2,1
2024-11-27 23:31:17,Mild Yawn,0.062,0.423,2,1
2024-11-27 23:31:17,SLEEPING !!!,0.115,0.344,2,1
2024-11-27 23:31:17,SLEEPING !!!,0.122,0.351,2,1
2024-11-27 23:31:17,SLEEPING !!!,0.201,0.345,2,1
2024-11-27 23:31:17,Mild Yawn,0.332,0.412,3,1
2024-11-27 23:31:17,Mild Yawn,0.358,0.423,3,1
2024-11-27 23:31:18,Mild Yawn,0.405,0.417,3,1
2024-11-27 23:31:18,Mild Yawn,0.410,0.388,3,1
2024-11-27 23:31:18,Mild Yawn,0.378,0.380,3,1
2024-11-27 23:31:18,Mild Yawn,0.106,0.385,3,1
2024-11-27 23:31:18,Mild Yawn,0.107,0.362,3,1
2024-11-27 23:31:18,SLEEPING !!!,0.108,0.350,3,1
2024-11-27 23:31:18,SLEEPING !!!,0.066,0.350,3,1
2024-11-27 23:31:18,SLEEPING !!!,0.172,0.371,3,1
2024-11-27 23:31:18,Mild Yawn,0.341,0.372,4,1
2024-11-27 23:31:18,Mild Yawn,0.366,0.364,4,1
2024-11-27 23:31:19,Mild Yawn,0.374,0.368,4,1
2024-11-27 23:31:19,Mild Yawn,0.404,0.400,4,1
2024-11-27 23:31:19,Mild Yawn,0.385,0.380,4,1
2024-11-27 23:31:19,Mild Yawn,0.357,0.372,4,1
2024-11-27 23:31:19,Mild Yawn,0.102,0.391,4,1
2024-11-27 23:31:19,Mild Yawn,0.272,0.566,4,1
2024-11-27 23:31:19,Moderate Yawn !,0.319,0.699,4,1
2024-11-27 23:31:19,Moderate Yawn !,0.321,0.676,4,1
2024-11-27 23:31:19,Moderate Yawn !,0.339,0.697,4,1
2024-11-27 23:31:19,Moderate Yawn !,0.339,0.702,4,1
2024-11-27 23:31:20,Moderate Yawn !,0.343,0.625,4,1
2024-11-27 23:31:20,Moderate Yawn !,0.363,0.709,4,1
2024-11-27 23:31:20,Moderate Yawn !,0.348,0.768,4,1
2024-11-27 23:31:20,Moderate Yawn !,0.162,0.697,4,1
2024-11-27 23:31:20,Moderate Yawn !,0.197,0.767,4,1
2024-11-27 23:31:20,Severe Yawn !!!,0.296,0.853,4,1
2024-11-27 23:31:20,Severe Yawn !!!,0.314,0.811,4,1
2024-11-27 23:31:20,Moderate Yawn !,0.324,0.787,4,1
2024-11-27 23:31:20,Moderate Yawn !,0.166,0.788,4,1
2024-11-27 23:31:20,Moderate Yawn !,0.154,0.685,4,1
2024-11-27 23:31:21,Mild Yawn,0.278,0.582,4,1
2024-11-27 23:31:21,Mild Yawn,0.307,0.475,4,1
2024-11-27 23:31:21,Mild Yawn,0.319,0.392,4,1
2024-11-27 23:31:21,Mild Yawn,0.318,0.365,4,1
2024-11-27 23:31:21,Mild Yawn,0.100,0.365,4,1
2024-11-27 23:31:21,Mild Yawn,0.107,0.362,4,1
2024-11-27 23:31:21,SLEEPING !!!,0.079,0.354,4,1
2024-11-27 23:31:21,SLEEPING !!!,0.244,0.371,4,1
2024-11-27 23:31:21,Mild Yawn,0.323,0.363,5,1
2024-11-27 23:31:21,Mild Yawn,0.342,0.361,5,1
2024-11-27 23:31:22,Mild Yawn,0.365,0.345,5,1
2024-11-27 23:31:22,Mild Yawn,0.277,0.336,5,1
2024-11-27 23:31:22,Mild Yawn,0.085,0.371,5,1
2024-11-27 23:31:22,Mild Yawn,0.101,0.332,5,1
2024-11-27 23:31:22,SLEEPING !!!,0.131,0.356,5,1
2024-11-27 23:31:22,SLEEPING !!!,0.099,0.378,5,1
2024-11-27 23:31:22,SLEEPING !!!,0.180,0.356,5,1
2024-11-27 23:31:22,Mild Yawn,0.302,0.349,6,1
2024-11-27 23:31:22,Mild Yawn,0.311,0.354,6,1
2024-11-27 23:31:22,Mild Yawn,0.336,0.347,6,1
2024-11-27 23:31:23,Mild Yawn,0.349,0.362,6,1
2024-11-27 23:31:23,Mild Yawn,0.340,0.364,6,1
2024-11-27 23:31:23,Mild Yawn,0.344,0.381,6,1
2024-11-27 23:31:23,Mild Yawn,0.323,0.376,6,1
2024-11-27 23:31:23,Mild Yawn,0.314,0.372,6,1
2024-11-27 23:31:23,Mild Yawn,0.329,0.385,6,1
2024-11-27 23:31:23,Mild Yawn,0.319,0.368,6,1
2024-11-27 23:31:23,Mild Yawn,0.326,0.380,6,1
2024-11-27 23:31:23,Mild Yawn,0.323,0.371,6,1
2024-11-27 23:31:23,Mild Yawn,0.306,0.408,6,1
2024-11-27 23:31:24,Mild Yawn,0.296,0.430,6,1
2024-11-27 23:31:24,Mild Yawn,0.293,0.436,6,1
2024-11-27 23:31:24,Mild Yawn,0.284,0.374,6,1
2024-11-27 23:31:24,Mild Yawn,0.356,0.357,6,1
2024-11-27 23:31:24,Mild Yawn,0.369,0.368,6,1
2024-11-27 23:31:24,Mild Yawn,0.356,0.383,6,1
2024-11-27 23:31:24,Mild Yawn,0.366,0.385,6,1
2024-11-27 23:31:24,Mild Yawn,0.382,0.366,6,1
2024-11-27 23:31:24,Mild Yawn,0.338,0.371,6,1
2024-11-27 23:31:24,Mild Yawn,0.171,0.379,6,1
2024-11-27 23:31:25,Mild Yawn,0.208,0.369,6,1
2024-11-27 23:31:25,Mild Yawn,0.315,0.364,6,1
2024-11-27 23:31:25,Mild Yawn,0.329,0.368,6,1
2024-11-27 23:31:25,Mild Yawn,0.331,0.400,6,1
2024-11-27 23:31:25,Mild Yawn,0.343,0.398,6,1
2024-11-27 23:31:25,Mild Yawn,0.349,0.372,6,1
2024-11-27 23:31:25,Mild Yawn,0.126,0.421,6,1
2024-11-27 23:31:25,Mild Yawn,0.222,0.338,6,1
2024-11-27 23:31:25,Mild Yawn,0.290,0.369,6,1
2024-11-27 23:31:25,Mild Yawn,0.314,0.365,6,1
2024-11-27 23:31:26,Mild Yawn,0.342,0.333,6,1
2024-11-27 23:31:26,Mild Yawn,0.327,0.436,6,1
2024-11-27 23:31:26,Mild Yawn,0.342,0.383,6,1
2024-11-27 23:31:26,Mild Yawn,0.182,0.461,6,1
2024-11-27 23:31:26,Mild Yawn,0.151,0.442,6,1
2024-11-27 23:31:26,Mild Yawn,0.293,0.415,6,1
2024-11-27 23:31:26,Mild Yawn,0.330,0.452,6,1
2024-11-27 23:31:26,Mild Yawn,0.347,0.418,6,1
2024-11-27 23:31:26,Mild Yawn,0.355,0.423,6,1
2024-11-27 23:31:26,Mild Yawn,0.354,0.371,6,1
2024-11-27 23:31:27,Mild Yawn,0.112,0.353,6,1
2024-11-27 23:31:27,Mild Yawn,0.177,0.344,6,1
2024-11-27 23:31:27,Mild Yawn,0.264,0.365,6,1
2024-11-27 23:31:27,Mild Yawn,0.261,0.375,6,1
2024-11-27 23:31:27,Mild Yawn,0.291,0.409,6,1
2024-11-27 23:31:27,Mild Yawn,0.291,0.353,6,1
2024-11-27 23:31:27,Mild Yawn,0.283,0.403,6,1
2024-11-27 23:31:27,Mild Yawn,0.270,0.397,6,1
2024-11-27 23:31:27,Mild Yawn,0.296,0.394,6,1
2024-11-27 23:31:27,Mild Yawn,0.295,0.406,6,1
2024-11-27 23:31:28,Mild Yawn,0.274,0.374,6,1
2024-11-27 23:31:28,Mild Yawn,0.274,0.381,6,1
2024-11-27 23:31:28,Mild Yawn,0.250,0.359,6,1
2024-11-27 23:31:28,Mild Yawn,0.270,0.377,6,1
2024-11-27 23:31:28,Mild Yawn,0.270,0.354,6,1
2024-11-27 23:31:28,Mild Yawn,0.284,0.367,6,1
2024-11-27 23:31:28,Mild Yawn,0.260,0.350,6,1
2024-11-27 23:31:28,Mild Yawn,0.253,0.348,6,1
2024-11-27 23:31:28,Mild Yawn,0.260,0.388,6,1
2024-11-27 23:31:28,Mild Yawn,0.236,0.346,6,1
2024-11-27 23:31:29,Mild Yawn,0.181,0.347,6,1
2024-11-27 23:31:29,SLEEPING !!!,0.213,0.354,6,1
2024-11-27 23:31:29,Mild Yawn,0.274,0.336,7,1
2024-11-27 23:31:29,Mild Yawn,0.276,0.385,7,1
2024-11-27 23:31:29,Mild Yawn,0.123,0.423,7,1
2024-11-27 23:31:29,Mild Yawn,0.300,0.414,7,1
2024-11-27 23:31:29,Mild Yawn,0.329,0.421,7,1
2024-11-27 23:31:29,Mild Yawn,0.331,0.404,7,1
2024-11-27 23:31:29,Mild Yawn,0.151,0.400,7,1
2024-11-27 23:31:29,Mild Yawn,0.222,0.402,7,1
2024-11-27 23:31:30,SLEEPING !!!,0.156,0.399,7,1
2024-11-27 23:31:30,SLEEPING !!!,0.084,0.420,7,1
2024-11-27 23:31:30,SLEEPING !!!,0.227,0.392,7,1
2024-11-27 23:31:30,Mild Yawn,0.291,0.396,8,1
2024-11-27 23:31:30,Mild Yawn,0.303,0.416,8,1
2024-11-27 23:31:30,Mild Yawn,0.303,0.414,8,1
2024-11-27 23:31:30,Mild Yawn,0.290,0.409,8,1
2024-11-27 23:31:30,Mild Yawn,0.278,0.347,8,1
2024-11-27 23:31:30,Mild Yawn,0.141,0.363,8,1
2024-11-27 23:31:30,Mild Yawn,0.078,0.340,8,1
2024-11-27 23:31:31,SLEEPING !!!,0.068,0.322,8,1
2024-11-27 23:31:31,SLEEPING !!!,0.044,0.374,8,1
2024-11-27 23:31:31,Mild Yawn,0.251,0.347,9,1
2024-11-27 23:31:31,Mild Yawn,0.316,0.325,9,1
2024-11-27 23:31:31,Mild Yawn,0.336,0.389,9,1
2024-11-27 23:31:31,Mild Yawn,0.347,0.323,9,1
2024-11-27 23:31:31,Mild Yawn,0.344,0.334,9,1
2024-11-27 23:31:31,Mild Yawn,0.346,0.369,9,1
2024-11-27 23:31:31,Mild Yawn,0.349,0.345,9,1
2024-11-27 23:31:31,Mild Yawn,0.321,0.358,9,1
2024-11-27 23:31:32,Mild Yawn,0.343,0.415,9,1
2024-11-27 23:31:32,Mild Yawn,0.342,0.366,9,1
2024-11-27 23:31:32,Mild Yawn,0.347,0.369,9,1
2024-11-27 23:31:32,Mild Yawn,0.346,0.369,9,1
2024-11-27 23:31:32,Mild Yawn,0.336,0.391,9,1
2024-11-27 23:31:32,Mild Yawn,0.340,0.380,9,1
2024-11-27 23:31:32,Mild Yawn,0.334,0.373,9,1
2024-11-27 23:31:32,Mild Yawn,0.335,0.389,9,1
2024-11-27 23:31:32,Mild Yawn,0.336,0.381,9,1
2024-11-27 23:31:32,Mild Yawn,0.329,0.387,9,1
2024-11-27 23:31:33,Mild Yawn,0.330,0.368,9,1
2024-11-27 23:31:33,Mild Yawn,0.284,0.370,9,1
2024-11-27 23:31:33,Mild Yawn,0.118,0.368,9,1
2024-11-27 23:31:33,Mild Yawn,0.264,0.349,9,1
2024-11-27 23:31:33,Mild Yawn,0.309,0.358,9,1
2024-11-27 23:31:33,Mild Yawn,0.319,0.357,9,1
2024-11-27 23:31:33,Mild Yawn,0.354,0.357,9,1
2024-11-27 23:31:33,Mild Yawn,0.340,0.361,9,1
2024-11-27 23:31:33,Mild Yawn,0.342,0.372,9,1
2024-11-27 23:31:33,Mild Yawn,0.340,0.355,9,1
2024-11-27 23:31:34,Mild Yawn,0.342,0.363,9,1
2024-11-27 23:31:34,Mild Yawn,0.348,0.398,9,1
2024-11-27 23:31:34,Mild Yawn,0.349,0.411,9,1
2024-11-27 23:31:34,Mild Yawn,0.340,0.422,9,1
2024-11-27 23:31:34,Mild Yawn,0.341,0.416,9,1
2024-11-27 23:31:34,Mild Yawn,0.323,0.422,9,1
2024-11-27 23:31:34,Mild Yawn,0.108,0.374,9,1
2024-11-27 23:31:34,Mild Yawn,0.237,0.445,9,1
2024-11-27 23:31:34,Mild Yawn,0.307,0.429,9,1
2024-11-27 23:31:34,Mild Yawn,0.302,0.396,9,1
2024-11-27 23:31:35,Mild Yawn,0.326,0.412,9,1
2024-11-27 23:31:35,Mild Yawn,0.327,0.434,9,1
2024-11-27 23:31:35,Mild Yawn,0.315,0.391,9,1
2024-11-27 23:31:35,Mild Yawn,0.320,0.390,9,1
2024-11-27 23:31:35,Mild Yawn,0.293,0.408,9,1
2024-11-27 23:31:35,Mild Yawn,0.309,0.398,9,1
2024-11-27 23:31:35,Mild Yawn,0.289,0.396,9,1
2024-11-27 23:31:35,Mild Yawn,0.267,0.411,9,1
2024-11-27 23:31:35,Mild Yawn,0.257,0.417,9,1
2024-11-27 23:31:35,Mild Yawn,0.240,0.387,9,1
2024-11-27 23:31:36,Mild Yawn,0.116,0.390,9,1
2024-11-27 23:31:36,SLEEPING !!!,0.110,0.370,9,1
2024-11-27 23:31:36,SLEEPING !!!,0.215,0.395,9,1
2024-11-27 23:31:36,SLEEPING !!!,0.243,0.410,9,1
2024-11-27 23:31:36,SLEEPING !!!,0.241,0.395,9,1
2024-11-27 23:31:36,SLEEPING !!!,0.247,0.397,9,1
2024-11-27 23:31:36,SLEEPING !!!,0.243,0.400,9,1
2024-11-27 23:31:36,SLEEPING !!!,0.093,0.399,9,1
2024-11-27 23:31:36,SLEEPING !!!,0.157,0.422,9,1
2024-11-27 23:31:36,SLEEPING !!!,0.205,0.402,9,1
2024-11-27 23:31:37,SLEEPING !!!,0.233,0.428,9,1
2024-11-27 23:31:37,Mild Yawn,0.291,0.413,10,1
2024-11-27 23:31:37,Mild Yawn,0.316,0.396,10,1
2024-11-27 23:31:37,Mild Yawn,0.303,0.384,10,1
2024-11-27 23:31:37,Mild Yawn,0.312,0.374,10,1
2024-11-27 23:31:37,Mild Yawn,0.316,0.412,10,1
2024-11-27 23:31:37,Mild Yawn,0.325,0.359,10,1
2024-11-27 23:31:37,Mild Yawn,0.335,0.384,10,1
2024-11-27 23:31:37,Mild Yawn,0.356,0.398,10,1
2024-11-27 23:31:37,Mild Yawn,0.338,0.420,10,1
2024-11-27 23:31:38,Mild Yawn,0.325,0.400,10,1
2024-11-27 23:31:38,Mild Yawn,0.059,0.422,10,1
2024-11-27 23:31:38,Mild Yawn,0.047,0.379,10,1
2024-11-27 23:31:38,SLEEPING !!!,0.223,0.408,10,1
2024-11-27 23:31:38,Mild Yawn,0.341,0.426,11,1
2024-11-27 23:31:38,Mild Yawn,0.359,0.390,11,1
2024-11-27 23:31:38,Mild Yawn,0.372,0.433,11,1
2024-11-27 23:31:38,Mild Yawn,0.364,0.400,11,1
2024-11-27 23:31:38,Mild Yawn,0.261,0.437,11,1
2024-11-27 23:31:38,Mild Yawn,0.095,0.428,11,1
2024-11-27 23:31:39,Mild Yawn,0.069,0.397,11,1
2024-11-27 23:31:39,SLEEPING !!!,0.223,0.400,11,1
2024-11-27 23:31:39,Mild Yawn,0.345,0.426,12,1
2024-11-27 23:31:39,Mild Yawn,0.362,0.396,12,1
2024-11-27 23:31:39,Mild Yawn,0.381,0.404,12,1
2024-11-27 23:31:39,Mild Yawn,0.398,0.434,12,1
2024-11-27 23:31:39,Mild Yawn,0.400,0.441,12,1
2024-11-27 23:31:39,Mild Yawn,0.147,0.444,12,1
2024-11-27 23:31:39,Mild Yawn,0.170,0.420,12,1
2024-11-27 23:31:39,Mild Yawn,0.298,0.406,12,1
2024-11-27 23:31:40,Mild Yawn,0.318,0.417,12,1
2024-11-27 23:31:40,Mild Yawn,0.345,0.423,12,1
2024-11-27 23:31:40,Mild Yawn,0.314,0.422,12,1
2024-11-27 23:31:40,Mild Yawn,0.319,0.438,12,1
2024-11-27 23:31:40,Mild Yawn,0.350,0.453,12,1
2024-11-27 23:31:40,Mild Yawn,0.310,0.431,12,1
2024-11-27 23:31:40,Mild Yawn,0.281,0.385,12,1
2024-11-27 23:31:41,Mild Yawn,0.305,0.300,12,1
2024-11-27 23:31:41,Mild Yawn,0.305,0.361,12,1
2024-11-27 23:31:41,Mild Yawn,0.297,0.380,12,1
2024-11-27 23:31:41,Mild Yawn,0.347,0.370,12,1
2024-11-27 23:31:41,Mild Yawn,0.347,0.432,12,1
2024-11-27 23:31:41,Mild Yawn,0.356,0.334,12,1
2024-11-27 23:31:41,Mild Yawn,0.148,0.350,12,1
2024-11-27 23:31:41,Mild Yawn,0.277,0.353,12,1
2024-11-27 23:31:42,Mild Yawn,0.330,0.408,12,1
2024-11-27 23:31:42,Mild Yawn,0.361,0.430,12,1
2024-11-27 23:31:42,Mild Yawn,0.150,0.440,12,1
2024-11-27 23:31:42,Mild Yawn,0.244,0.440,12,1
2024-11-27 23:31:42,Mild Yawn,0.280,0.394,12,1
2024-11-27 23:31:42,Mild Yawn,0.072,0.440,12,1
2024-11-27 23:31:42,Mild Yawn,0.095,0.429,12,1
2024-11-27 23:31:42,Mild Yawn,0.320,0.412,12,1
2024-11-27 23:31:42,Mild Yawn,0.386,0.432,12,1
2024-11-27 23:31:42,Mild Yawn,0.374,0.443,12,1
2024-11-27 23:31:43,Mild Yawn,0.380,0.455,12,1
2024-11-27 23:31:43,Mild Yawn,0.363,0.396,12,1
2024-11-27 23:31:43,Mild Yawn,0.288,0.378,12,1
2024-11-27 23:31:43,Mild Yawn,0.327,0.415,12,1
2024-11-27 23:31:43,Mild Yawn,0.380,0.397,12,1
2024-11-27 23:31:43,Mild Yawn,0.376,0.401,12,1
2024-11-27 23:31:43,Mild Yawn,0.385,0.323,12,1
2024-11-27 23:31:43,Mild Yawn,0.220,0.336,12,1
2024-11-27 23:31:43,Mild Yawn,0.250,0.398,12,1
2024-11-27 23:31:43,Mild Yawn,0.284,0.384,12,1
2024-11-27 23:31:44,Mild Yawn,0.347,0.380,12,1
2024-11-27 23:31:44,Mild Yawn,0.354,0.383,12,1
2024-11-27 23:31:44,Mild Yawn,0.337,0.408,12,1
2024-11-27 23:31:44,Mild Yawn,0.123,0.431,12,1
2024-11-27 23:31:44,Mild Yawn,0.247,0.425,12,1
2024-11-27 23:31:44,Mild Yawn,0.333,0.427,12,1
2024-11-27 23:31:44,Mild Yawn,0.353,0.438,12,1
2024-11-27 23:31:44,Mild Yawn,0.375,0.426,12,1
2024-11-27 23:31:44,Mild Yawn,0.092,0.392,12,1
2024-11-27 23:31:44,Mild Yawn,0.101,0.390,12,1
2024-11-27 23:31:45,SLEEPING !!!,0.192,0.424,12,1
2024-11-27 23:31:45,Mild Yawn,0.313,0.358,13,1
2024-11-27 23:31:45,Mild Yawn,0.344,0.381,13,1
2024-11-27 23:31:45,Mild Yawn,0.367,0.381,13,1
2024-11-27 23:31:45,Mild Yawn,0.349,0.371,13,1
2024-11-27 23:31:45,Mild Yawn,0.379,0.382,13,1
2024-11-27 23:31:45,Mild Yawn,0.121,0.414,13,1
2024-11-27 23:31:45,Mild Yawn,0.138,0.393,13,1
2024-11-27 23:31:45,Mild Yawn,0.312,0.388,13,1
2024-11-27 23:31:45,Mild Yawn,0.365,0.411,13,1
2024-11-27 23:31:46,Mild Yawn,0.393,0.498,13,1
2024-11-27 23:31:46,Moderate Yawn !,0.385,0.676,13,1
2024-11-27 23:31:46,Moderate Yawn !,0.369,0.719,13,1
2024-11-27 23:31:46,Severe Yawn !!!,0.365,0.829,13,1
2024-11-27 23:31:46,Moderate Yawn !,0.376,0.778,13,1
2024-11-27 23:31:46,Severe Yawn !!!,0.372,0.818,13,1
2024-11-27 23:31:46,Severe Yawn !!!,0.379,0.817,13,1
2024-11-27 23:31:46,Severe Yawn !!!,0.360,0.814,13,1
2024-11-27 23:31:46,Moderate Yawn !,0.364,0.799,13,1
2024-11-27 23:31:47,Severe Yawn !!!,0.362,0.839,13,1
2024-11-27 23:31:47,Moderate Yawn !,0.315,0.791,13,1
2024-11-27 23:31:47,Severe Yawn !!!,0.150,0.858,13,1
2024-11-27 23:31:47,Severe Yawn !!!,0.257,0.802,13,1
2024-11-27 23:31:47,Severe Yawn !!!,0.291,0.814,13,1
2024-11-27 23:31:47,Moderate Yawn !,0.310,0.764,13,1
2024-11-27 23:31:47,Moderate Yawn !,0.297,0.779,13,1
2024-11-27 23:31:47,Severe Yawn !!!,0.314,0.846,13,1
2024-11-27 23:31:47,Severe Yawn !!!,0.314,0.817,13,1
2024-11-27 23:31:47,Severe Yawn !!!,0.306,0.846,13,1
2024-11-27 23:31:48,Severe Yawn !!!,0.336,0.842,13,1
2024-11-27 23:31:48,Moderate Yawn !,0.325,0.798,13,1
2024-11-27 23:31:48,Moderate Yawn !,0.119,0.786,13,1
2024-11-27 23:31:48,Moderate Yawn !,0.201,0.779,13,1
2024-11-27 23:31:48,Moderate Yawn !,0.271,0.780,13,1
2024-11-27 23:31:48,Moderate Yawn !,0.279,0.692,13,1
2024-11-27 23:31:48,Mild Yawn,0.313,0.405,13,1
2024-11-27 23:31:48,Mild Yawn,0.307,0.341,13,1
2024-11-27 23:31:48,Mild Yawn,0.302,0.341,13,1
2024-11-27 23:31:48,Mild Yawn,0.306,0.343,13,1
2024-11-27 23:31:49,Mild Yawn,0.307,0.345,13,1
2024-11-27 23:31:49,Mild Yawn,0.309,0.350,13,1
2024-11-27 23:31:49,Mild Yawn,0.341,0.403,13,1
2024-11-27 23:31:49,Mild Yawn,0.336,0.355,13,1
2024-11-27 23:31:49,Mild Yawn,0.115,0.395,13,1
2024-11-27 23:31:49,Mild Yawn,0.145,0.413,13,1
2024-11-27 23:31:49,Mild Yawn,0.280,0.411,13,1
2024-11-27 23:31:49,Mild Yawn,0.340,0.383,13,1
2024-11-27 23:31:49,Mild Yawn,0.350,0.419,13,1
2024-11-27 23:31:49,Mild Yawn,0.350,0.414,13,1
2024-11-27 23:31:49,Mild Yawn,0.379,0.424,13,1
2024-11-27 23:31:50,Mild Yawn,0.379,0.410,13,1
2024-11-27 23:31:50,Mild Yawn,0.352,0.435,13,1
2024-11-27 23:31:50,Mild Yawn,0.324,0.358,13,1
2024-11-27 23:31:50,Mild Yawn,0.331,0.384,13,1
2024-11-27 23:31:50,Mild Yawn,0.329,0.368,13,1
2024-11-27 23:31:50,Mild Yawn,0.314,0.382,13,1
2024-11-27 23:31:50,Mild Yawn,0.291,0.427,13,1
2024-11-27 23:31:50,Mild Yawn,0.305,0.386,13,1
2024-11-27 23:31:50,Mild Yawn,0.283,0.389,13,1
2024-11-27 23:31:51,Mild Yawn,0.135,0.369,13,1
2024-11-27 23:31:51,Mild Yawn,0.156,0.387,13,1
2024-11-27 23:31:51,SLEEPING !!!,0.142,0.382,13,1
2024-11-27 23:31:51,SLEEPING !!!,0.152,0.400,13,1
2024-11-27 23:31:51,SLEEPING !!!,0.237,0.378,13,1
2024-11-27 23:31:51,Mild Yawn,0.274,0.381,14,1
2024-11-27 23:31:51,Mild Yawn,0.298,0.378,14,1
2024-11-27 23:31:51,Mild Yawn,0.300,0.379,14,1
2024-11-27 23:31:51,Mild Yawn,0.311,0.369,14,1
2024-11-27 23:31:51,Mild Yawn,0.291,0.366,14,1
2024-11-27 23:31:52,Mild Yawn,0.325,0.400,14,1
2024-11-27 23:31:52,Mild Yawn,0.329,0.414,14,1
2024-11-27 23:31:52,Mild Yawn,0.291,0.418,14,1
2024-11-27 23:31:52,Mild Yawn,0.129,0.401,14,1
2024-11-27 23:31:52,Mild Yawn,0.210,0.411,14,1
2024-11-27 23:31:52,SLEEPING !!!,0.243,0.414,14,1
2024-11-27 23:31:52,Mild Yawn,0.278,0.407,15,1
2024-11-27 23:31:52,Mild Yawn,0.275,0.415,15,1
2024-11-27 23:31:52,Mild Yawn,0.270,0.405,15,1
2024-11-27 23:31:52,Mild Yawn,0.264,0.398,15,1
2024-11-27 23:31:53,Mild Yawn,0.257,0.385,15,1
2024-11-27 23:31:53,Mild Yawn,0.286,0.401,15,1
2024-11-27 23:31:53,Mild Yawn,0.270,0.391,15,1
2024-11-27 23:31:53,Mild Yawn,0.278,0.392,15,1
2024-11-27 23:31:53,Mild Yawn,0.243,0.378,15,1
2024-11-27 23:31:53,Mild Yawn,0.267,0.379,15,1
2024-11-27 23:31:53,Mild Yawn,0.247,0.381,15,1
2024-11-27 23:31:53,Mild Yawn,0.257,0.366,15,1
2024-11-27 23:31:53,Mild Yawn,0.264,0.380,15,1
2024-11-27 23:31:53,Mild Yawn,0.133,0.375,15,1
2024-11-27 23:31:54,Mild Yawn,0.116,0.373,15,1
2024-11-27 23:31:54,SLEEPING !!!,0.107,0.391,15,1
2024-11-27 23:31:54,SLEEPING !!!,0.146,0.380,15,1
2024-11-27 23:31:54,SLEEPING !!!,0.195,0.372,15,1
2024-11-27 23:31:54,SLEEPING !!!,0.240,0.378,15,1
2024-11-27 23:31:54,SLEEPING !!!,0.230,0.398,15,1
2024-11-27 23:31:54,SLEEPING !!!,0.247,0.364,15,1
2024-11-27 23:31:54,SLEEPING !!!,0.222,0.374,15,1
2024-11-27 23:31:54,SLEEPING !!!,0.231,0.395,15,1
2024-11-27 23:31:54,SLEEPING !!!,0.206,0.388,15,1
2024-11-27 23:31:55,SLEEPING !!!,0.214,0.380,15,1
2024-11-27 23:31:55,SLEEPING !!!,0.217,0.359,15,1
2024-11-27 23:31:55,SLEEPING !!!,0.214,0.383,15,1
2024-11-27 23:31:55,SLEEPING !!!,0.217,0.362,15,1
2024-11-27 23:31:55,SLEEPING !!!,0.216,0.361,15,1
2024-11-27 23:31:55,SLEEPING !!!,0.123,0.399,15,1
2024-11-27 23:31:55,SLEEPING !!!,0.121,0.392,15,1
2024-11-27 23:31:55,SLEEPING !!!,0.215,0.396,15,1
2024-11-27 23:31:55,Mild Yawn,0.257,0.398,16,1
2024-11-27 23:31:55,Mild Yawn,0.278,0.387,16,1
2024-11-27 23:31:56,Mild Yawn,0.280,0.401,16,1
2024-11-27 23:31:56,Mild Yawn,0.267,0.413,16,1
2024-11-27 23:31:56,Mild Yawn,0.271,0.394,16,1
2024-11-27 23:31:56,Mild Yawn,0.261,0.396,16,1
2024-11-27 23:31:56,Mild Yawn,0.230,0.387,16,1
2024-11-27 23:31:56,Mild Yawn,0.102,0.381,16,1
2024-11-27 23:31:56,SLEEPING !!!,0.061,0.356,16,1
2024-11-27 23:31:56,SLEEPING !!!,0.129,0.385,16,1
2024-11-27 23:31:56,Mild Yawn,0.270,0.393,17,1
2024-11-27 23:31:56,Mild Yawn,0.322,0.384,17,1
2024-11-27 23:31:57,Mild Yawn,0.359,0.357,17,1
2024-11-27 23:31:57,Mild Yawn,0.373,0.382,17,1
2024-11-27 23:31:57,Mild Yawn,0.388,0.374,17,1
2024-11-27 23:31:57,Mild Yawn,0.389,0.368,17,1
2024-11-27 23:31:57,Mild Yawn,0.110,0.439,17,1
2024-11-27 23:31:57,Mild Yawn,0.093,0.390,17,1
2024-11-27 23:31:57,SLEEPING !!!,0.088,0.375,17,1
2024-11-27 23:31:57,SLEEPING !!!,0.174,0.412,17,1
2024-11-27 23:31:57,Mild Yawn,0.323,0.397,18,1
2024-11-27 23:31:57,Mild Yawn,0.392,0.427,18,1
2024-11-27 23:31:58,Mild Yawn,0.405,0.408,18,1
2024-11-27 23:31:58,Mild Yawn,0.381,0.401,18,1
2024-11-27 23:31:58,Mild Yawn,0.406,0.379,18,1
2024-11-27 23:31:58,Mild Yawn,0.306,0.388,18,1
2024-11-27 23:31:58,Mild Yawn,0.086,0.388,18,1
2024-11-27 23:31:58,Mild Yawn,0.096,0.367,18,1
2024-11-27 23:31:58,SLEEPING !!!,0.093,0.402,18,1
2024-11-27 23:31:58,SLEEPING !!!,0.179,0.389,18,1
2024-11-27 23:31:58,Mild Yawn,0.330,0.375,19,1
2024-11-27 23:31:58,Mild Yawn,0.366,0.405,19,1
2024-11-27 23:31:59,Mild Yawn,0.386,0.429,19,1
2024-11-27 23:31:59,Mild Yawn,0.378,0.406,19,1
2024-11-27 23:31:59,Mild Yawn,0.386,0.436,19,1
2024-11-27 23:31:59,Mild Yawn,0.394,0.414,19,1
2024-11-27 23:31:59,Mild Yawn,0.390,0.384,19,1
2024-11-27 23:31:59,Mild Yawn,0.396,0.437,19,1
2024-11-27 23:31:59,Mild Yawn,0.420,0.416,19,1
2024-11-27 23:31:59,Mild Yawn,0.379,0.445,19,1
2024-11-27 23:31:59,Mild Yawn,0.371,0.477,19,1
2024-11-27 23:31:59,Mild Yawn,0.377,0.525,19,1
2024-11-27 23:32:00,Moderate Yawn !,0.370,0.687,19,1
2024-11-27 23:32:00,Moderate Yawn !,0.322,0.622,19,1
2024-11-27 23:32:00,Moderate Yawn !,0.090,0.658,19,1
2024-11-27 23:32:00,Moderate Yawn !,0.213,0.608,19,1
2024-11-27 23:32:00,Moderate Yawn !,0.292,0.695,19,1
2024-11-27 23:32:00,Moderate Yawn !,0.316,0.646,19,1
2024-11-27 23:32:00,Moderate Yawn !,0.314,0.650,19,1
2024-11-27 23:32:00,Moderate Yawn !,0.307,0.650,19,1
2024-11-27 23:32:00,Moderate Yawn !,0.258,0.665,19,1
2024-11-27 23:32:00,Mild Yawn,0.180,0.408,19,1
2024-11-27 23:32:01,Mild Yawn,0.212,0.312,19,1
2024-11-27 23:32:01,Mild Yawn,0.304,0.318,19,1
2024-11-27 23:32:01,Mild Yawn,0.320,0.319,19,1
2024-11-27 23:32:01,Mild Yawn,0.315,0.310,19,1
2024-11-27 23:32:01,Mild Yawn,0.392,0.432,19,1
2024-11-27 23:32:01,Mild Yawn,0.399,0.503,19,1
2024-11-27 23:32:01,Mild Yawn,0.337,0.518,19,1
2024-11-27 23:32:01,Mild Yawn,0.305,0.483,19,1
2024-11-27 23:32:01,Mild Yawn,0.326,0.485,19,1
2024-11-27 23:32:01,Mild Yawn,0.333,0.252,19,1
2024-11-27 23:32:02,Mild Yawn,0.342,0.422,19,1
2024-11-27 23:32:02,Mild Yawn,0.267,0.377,19,1
2024-11-27 23:32:02,Mild Yawn,0.348,0.445,19,1
2024-11-27 23:32:02,Mild Yawn,0.330,0.345,19,1
2024-11-27 23:32:02,Mild Yawn,0.306,0.428,19,1
2024-11-27 23:32:02,Mild Yawn,0.315,0.462,19,1
2024-11-27 23:32:02,Mild Yawn,0.326,0.420,19,1
2024-11-27 23:32:02,Mild Yawn,0.335,0.350,19,1
2024-11-27 23:32:02,Mild Yawn,0.371,0.317,19,1
2024-11-27 23:32:02,Mild Yawn,0.374,0.330,19,1
2024-11-27 23:32:03,Mild Yawn,0.334,0.340,19,1
2024-11-27 23:32:03,Mild Yawn,0.175,0.347,19,1
2024-11-27 23:32:03,Mild Yawn,0.192,0.344,19,1
2024-11-27 23:32:03,Mild Yawn,0.312,0.355,19,1
2024-11-27 23:32:03,Mild Yawn,0.305,0.338,19,1
2024-11-27 23:32:03,Mild Yawn,0.300,0.378,19,1
2024-11-27 23:32:03,Mild Yawn,0.289,0.352,19,1
2024-11-27 23:32:03,Mild Yawn,0.325,0.374,19,1
2024-11-27 23:32:03,Mild Yawn,0.295,0.358,19,1
2024-11-27 23:32:03,Mild Yawn,0.082,0.408,19,1
2024-11-27 23:32:04,Mild Yawn,0.149,0.408,19,1
2024-11-27 23:32:04,SLEEPING !!!,0.211,0.391,19,1
2024-11-27 23:32:04,SLEEPING !!!,0.247,0.376,19,1
2024-11-27 23:32:04,Mild Yawn,0.250,0.364,20,1
2024-11-27 23:32:04,Mild Yawn,0.263,0.365,20,1
2024-11-27 23:32:04,Mild Yawn,0.263,0.371,20,1
2024-11-27 23:32:04,Mild Yawn,0.290,0.369,20,1
2024-11-27 23:32:04,Mild Yawn,0.303,0.369,20,1
2024-11-27 23:32:04,Mild Yawn,0.314,0.382,20,1
2024-11-27 23:32:04,Mild Yawn,0.312,0.380,20,1
2024-11-27 23:32:05,Mild Yawn,0.149,0.360,20,1
2024-11-27 23:32:05,Mild Yawn,0.117,0.378,20,1
2024-11-27 23:32:05,SLEEPING !!!,0.228,0.381,20,1
2024-11-27 23:32:05,Mild Yawn,0.257,0.387,21,1
2024-11-27 23:32:05,Mild Yawn,0.250,0.382,21,1
2024-11-27 23:32:05,Mild Yawn,0.260,0.378,21,1
2024-11-27 23:32:05,Mild Yawn,0.260,0.385,21,1
2024-11-27 23:32:05,Mild Yawn,0.256,0.373,21,1
2024-11-27 23:32:05,Mild Yawn,0.282,0.388,21,1
2024-11-27 23:32:05,Mild Yawn,0.279,0.377,21,1
2024-11-27 23:32:06,Mild Yawn,0.266,0.365,21,1
2024-11-27 23:32:06,Mild Yawn,0.253,0.379,21,1
2024-11-27 23:32:06,Mild Yawn,0.257,0.385,21,1
2024-11-27 23:32:06,Mild Yawn,0.273,0.386,21,1
2024-11-27 23:32:06,Mild Yawn,0.279,0.387,21,1
2024-11-27 23:32:06,Mild Yawn,0.250,0.381,21,1
2024-11-27 23:32:06,Mild Yawn,0.217,0.379,21,1
2024-11-27 23:32:06,Mild Yawn,0.221,0.374,21,1
2024-11-27 23:32:06,SLEEPING !!!,0.241,0.360,21,1
2024-11-27 23:32:06,Mild Yawn,0.260,0.361,22,1
2024-11-27 23:32:07,Mild Yawn,0.224,0.361,22,1
2024-11-27 23:32:07,Mild Yawn,0.228,0.365,22,1
2024-11-27 23:32:07,SLEEPING !!!,0.234,0.362,22,1
2024-11-27 23:32:07,SLEEPING !!!,0.225,0.367,22,1
2024-11-27 23:32:07,SLEEPING !!!,0.224,0.350,22,1
2024-11-27 23:32:07,SLEEPING !!!,0.208,0.350,22,1
2024-11-27 23:32:07,SLEEPING !!!,0.205,0.347,22,1
2024-11-27 23:32:07,SLEEPING !!!,0.212,0.359,22,1
2024-11-27 23:32:07,SLEEPING !!!,0.217,0.337,22,1
2024-11-27 23:32:07,SLEEPING !!!,0.191,0.370,22,1
2024-11-27 23:32:08,SLEEPING !!!,0.217,0.369,22,1
2024-11-27 23:32:08,SLEEPING !!!,0.189,0.364,22,1
2024-11-27 23:32:08,Mild Yawn,0.250,0.344,23,1
2024-11-27 23:32:08,Mild Yawn,0.208,0.332,23,1
2024-11-27 23:32:08,Mild Yawn,0.137,0.373,23,1
2024-11-27 23:32:08,SLEEPING !!!,0.110,0.399,23,1
2024-11-27 23:32:08,SLEEPING !!!,0.149,0.391,23,1
2024-11-27 23:32:08,SLEEPING !!!,0.240,0.396,23,1
2024-11-27 23:32:08,Mild Yawn,0.268,0.402,24,1
2024-11-27 23:32:08,Mild Yawn,0.278,0.407,24,1
2024-11-27 23:32:09,Mild Yawn,0.296,0.407,24,1
2024-11-27 23:32:09,Mild Yawn,0.284,0.426,24,1
2024-11-27 23:32:09,Mild Yawn,0.303,0.351,24,1
2024-11-27 23:32:09,Mild Yawn,0.322,0.374,24,1
2024-11-27 23:32:09,Mild Yawn,0.333,0.398,24,1
2024-11-27 23:32:09,Mild Yawn,0.355,0.426,24,1
2024-11-27 23:32:09,Mild Yawn,0.346,0.447,24,1
2024-11-27 23:32:09,Mild Yawn,0.313,0.418,24,1
2024-11-27 23:32:09,Mild Yawn,0.337,0.394,24,1
2024-11-27 23:32:09,Mild Yawn,0.335,0.399,24,1
2024-11-27 23:32:10,Mild Yawn,0.330,0.374,24,1
2024-11-27 23:32:10,Mild Yawn,0.345,0.386,24,1
2024-11-27 23:32:10,Mild Yawn,0.338,0.404,24,1
2024-11-27 23:32:10,Mild Yawn,0.341,0.393,24,1
2024-11-27 23:32:10,Mild Yawn,0.332,0.406,24,1
2024-11-27 23:32:10,Mild Yawn,0.286,0.381,24,1
2024-11-27 23:32:10,Mild Yawn,0.284,0.391,24,1
2024-11-27 23:32:10,Mild Yawn,0.297,0.405,24,1
2024-11-27 23:32:10,Mild Yawn,0.306,0.388,24,1
2024-11-27 23:32:10,Mild Yawn,0.292,0.371,24,1
2024-11-27 23:32:11,Mild Yawn,0.294,0.363,24,1
2024-11-27 23:32:11,Mild Yawn,0.305,0.379,24,1
2024-11-27 23:32:11,Mild Yawn,0.311,0.371,24,1
2024-11-27 23:32:11,Mild Yawn,0.213,0.352,24,1
2024-11-27 23:32:11,Mild Yawn,0.142,0.355,24,1
2024-11-27 23:32:11,SLEEPING !!!,0.202,0.384,24,1
2024-11-27 23:32:11,Mild Yawn,0.281,0.432,25,1
2024-11-27 23:32:11,Mild Yawn,0.288,0.382,25,1
2024-11-27 23:32:11,Mild Yawn,0.236,0.416,25,1
2024-11-27 23:32:11,Mild Yawn,0.301,0.386,25,1
2024-11-27 23:32:12,Mild Yawn,0.285,0.424,25,1
2024-11-27 23:32:12,Mild Yawn,0.300,0.387,25,1
2024-11-27 23:32:12,Mild Yawn,0.291,0.345,25,1
2024-11-27 23:32:12,Mild Yawn,0.324,0.377,25,1
2024-11-27 23:32:12,Mild Yawn,0.323,0.362,25,1
2024-11-27 23:32:12,Mild Yawn,0.295,0.400,25,1
2024-11-27 23:32:12,Mild Yawn,0.266,0.405,25,1
2024-11-27 23:32:12,Mild Yawn,0.307,0.353,25,1
2024-11-27 23:32:12,Mild Yawn,0.305,0.371,25,1
2024-11-27 23:32:12,Mild Yawn,0.313,0.378,25,1
2024-11-27 23:32:13,Mild Yawn,0.297,0.337,25,1
2024-11-27 23:32:13,Mild Yawn,0.278,0.375,25,1
2024-11-27 23:32:13,Mild Yawn,0.280,0.369,25,1
2024-11-27 23:32:13,Mild Yawn,0.270,0.367,25,1
2024-11-27 23:32:13,Mild Yawn,0.226,0.383,25,1
2024-11-27 23:32:13,Mild Yawn,0.211,0.350,25,1
2024-11-27 23:32:13,SLEEPING !!!,0.223,0.318,25,1
2024-11-27 23:32:13,SLEEPING !!!,0.209,0.302,25,1
2024-11-27 23:32:13,SLEEPING !!!,0.099,0.319,25,1
2024-11-27 23:32:13,Mild Yawn,0.272,0.437,26,1
2024-11-27 23:32:14,Mild Yawn,0.378,0.428,26,1
2024-11-27 23:32:14,Mild Yawn,0.401,0.426,26,1
2024-11-27 23:32:14,Mild Yawn,0.406,0.428,26,1
2024-11-27 23:32:14,Mild Yawn,0.388,0.419,26,1
2024-11-27 23:32:14,Mild Yawn,0.367,0.429,26,1
2024-11-27 23:32:14,Mild Yawn,0.104,0.465,26,1
2024-11-27 23:32:14,Mild Yawn,0.122,0.403,26,1
2024-11-27 23:32:14,SLEEPING !!!,0.125,0.357,26,1
2024-11-27 23:32:14,SLEEPING !!!,0.100,0.463,26,1
2024-11-27 23:32:14,SLEEPING !!!,0.102,0.481,26,1
2024-11-27 23:32:15,SLEEPING !!!,0.149,0.426,26,1
2024-11-27 23:32:15,Mild Yawn,0.295,0.364,27,1
2024-11-27 23:32:15,Mild Yawn,0.367,0.364,27,1
2024-11-27 23:32:15,Mild Yawn,0.366,0.340,27,1
2024-11-27 23:32:15,Mild Yawn,0.379,0.360,27,1
2024-11-27 23:32:15,Mild Yawn,0.142,0.384,27,1
2024-11-27 23:32:15,Mild Yawn,0.115,0.342,27,1
2024-11-27 23:32:15,SLEEPING !!!,0.084,0.342,27,1
2024-11-27 23:32:15,SLEEPING !!!,0.196,0.409,27,1
2024-11-27 23:32:15,Mild Yawn,0.326,0.339,28,1
2024-11-27 23:32:16,Mild Yawn,0.352,0.376,28,1
2024-11-27 23:32:16,Mild Yawn,0.351,0.334,28,1
2024-11-27 23:32:16,Mild Yawn,0.328,0.364,28,1
2024-11-27 23:32:16,Mild Yawn,0.328,0.362,28,1
2024-11-27 23:32:16,Mild Yawn,0.312,0.367,28,1
2024-11-27 23:32:16,Mild Yawn,0.303,0.353,28,1
2024-11-27 23:32:16,Mild Yawn,0.296,0.350,28,1
2024-11-27 23:32:16,Mild Yawn,0.300,0.367,28,1
2024-11-27 23:32:16,Mild Yawn,0.322,0.392,28,1
2024-11-27 23:32:16,Mild Yawn,0.276,0.380,28,1
2024-11-27 23:32:17,Mild Yawn,0.263,0.387,28,1
2024-11-27 23:32:17,Mild Yawn,0.245,0.378,28,1
2024-11-27 23:32:17,Mild Yawn,0.257,0.385,28,1
2024-11-27 23:32:17,Mild Yawn,0.254,0.387,28,1
2024-11-27 23:32:17,Mild Yawn,0.238,0.369,28,1
2024-11-27 23:32:17,Mild Yawn,0.116,0.395,28,1
2024-11-27 23:32:17,Mild Yawn,0.265,0.376,28,1
2024-11-27 23:32:17,Mild Yawn,0.324,0.373,28,1
2024-11-27 23:32:17,Mild Yawn,0.356,0.379,28,1
2024-11-27 23:32:17,Mild Yawn,0.357,0.382,28,1
2024-11-27 23:32:18,Mild Yawn,0.250,0.408,28,1
2024-11-27 23:32:18,Mild Yawn,0.147,0.406,28,1
2024-11-27 23:32:18,Mild Yawn,0.231,0.400,28,1
2024-11-27 23:32:18,Mild Yawn,0.326,0.404,28,1
2024-11-27 23:32:18,Mild Yawn,0.347,0.395,28,1
2024-11-27 23:32:18,Mild Yawn,0.359,0.382,28,1
2024-11-27 23:32:18,Mild Yawn,0.357,0.391,28,1
2024-11-27 23:32:18,Mild Yawn,0.357,0.387,28,1
2024-11-27 23:32:18,Mild Yawn,0.354,0.400,28,1
2024-11-27 23:32:18,Mild Yawn,0.303,0.395,28,1
2024-11-27 23:32:19,Mild Yawn,0.154,0.406,28,1
2024-11-27 23:32:19,Mild Yawn,0.222,0.379,28,1
2024-11-27 23:32:19,Mild Yawn,0.260,0.385,28,1
2024-11-27 23:32:19,Mild Yawn,0.284,0.387,28,1
2024-11-27 23:32:19,Mild Yawn,0.302,0.395,28,1
2024-11-27 23:32:19,Mild Yawn,0.296,0.372,28,1
2024-11-27 23:32:19,Mild Yawn,0.141,0.357,28,1
2024-11-27 23:32:19,Mild Yawn,0.156,0.383,28,1
2024-11-27 23:32:19,SLEEPING !!!,0.207,0.371,28,1
2024-11-27 23:32:19,SLEEPING !!!,0.241,0.382,28,1
2024-11-27 23:32:20,SLEEPING !!!,0.247,0.375,28,1
2024-11-27 23:32:20,Mild Yawn,0.277,0.350,29,1
2024-11-27 23:32:20,Mild Yawn,0.253,0.355,29,1
2024-11-27 23:32:20,Mild Yawn,0.271,0.353,29,1
2024-11-27 23:32:20,Mild Yawn,0.284,0.365,29,1
2024-11-27 23:32:20,Mild Yawn,0.272,0.378,29,1
2024-11-27 23:32:20,Mild Yawn,0.140,0.401,29,1
2024-11-27 23:32:20,Mild Yawn,0.119,0.366,29,1
2024-11-27 23:32:20,SLEEPING !!!,0.130,0.386,29,1
2024-11-27 23:32:20,SLEEPING !!!,0.216,0.394,29,1
2024-11-27 23:32:21,SLEEPING !!!,0.250,0.377,29,1
2024-11-27 23:32:21,Mild Yawn,0.259,0.382,30,1
2024-11-27 23:32:21,Mild Yawn,0.283,0.390,30,1
2024-11-27 23:32:21,Mild Yawn,0.317,0.361,30,1
2024-11-27 23:32:21,Mild Yawn,0.311,0.354,30,1
2024-11-27 23:32:21,Mild Yawn,0.305,0.362,30,1
2024-11-27 23:32:21,Mild Yawn,0.319,0.365,30,1
2024-11-27 23:32:21,Mild Yawn,0.310,0.366,30,1
2024-11-27 23:32:21,Mild Yawn,0.309,0.384,30,1
2024-11-27 23:32:21,Mild Yawn,0.303,0.396,30,1
2024-11-27 23:32:22,Mild Yawn,0.158,0.425,30,1
2024-11-27 23:32:22,Mild Yawn,0.139,0.445,30,1
2024-11-27 23:32:22,SLEEPING !!!,0.187,0.416,30,1
2024-11-27 23:32:22,SLEEPING !!!,0.187,0.389,30,1
2024-11-27 23:32:22,Mild Yawn,0.254,0.379,31,1
2024-11-27 23:32:22,Mild Yawn,0.286,0.377,31,1
2024-11-27 23:32:22,Mild Yawn,0.292,0.381,31,1
2024-11-27 23:32:22,Mild Yawn,0.288,0.383,31,1
2024-11-27 23:32:22,Mild Yawn,0.304,0.389,31,1
2024-11-27 23:32:22,Mild Yawn,0.247,0.375,31,1
2024-11-27 23:32:23,Mild Yawn,0.123,0.379,31,1
2024-11-27 23:32:23,SLEEPING !!!,0.190,0.406,31,1
2024-11-27 23:32:23,Mild Yawn,0.254,0.399,32,1
2024-11-27 23:32:23,Mild Yawn,0.295,0.413,32,1
2024-11-27 23:32:23,Mild Yawn,0.312,0.396,32,1
2024-11-27 23:32:23,Mild Yawn,0.336,0.409,32,1
2024-11-27 23:32:23,Mild Yawn,0.335,0.392,32,1
2024-11-27 23:32:23,Mild Yawn,0.315,0.384,32,1
2024-11-27 23:32:23,Mild Yawn,0.323,0.386,32,1
2024-11-27 23:32:23,Mild Yawn,0.329,0.361,32,1
2024-11-27 23:32:24,Mild Yawn,0.305,0.392,32,1
2024-11-27 23:32:24,Mild Yawn,0.170,0.409,32,1
2024-11-27 23:32:24,Mild Yawn,0.173,0.383,32,1
2024-11-27 23:32:24,SLEEPING !!!,0.235,0.422,32,1
2024-11-27 23:32:24,Mild Yawn,0.274,0.402,33,1
2024-11-27 23:32:24,Mild Yawn,0.260,0.388,33,1
2024-11-27 23:32:24,Mild Yawn,0.257,0.398,33,1
2024-11-27 23:32:24,Mild Yawn,0.234,0.375,33,1
2024-11-27 23:32:24,Mild Yawn,0.228,0.384,33,1
2024-11-27 23:32:24,Mild Yawn,0.250,0.348,33,1
2024-11-27 23:32:25,Mild Yawn,0.242,0.351,33,1
2024-11-27 23:32:25,Mild Yawn,0.246,0.298,33,1
2024-11-27 23:32:25,SLEEPING !!!,0.246,0.339,33,1
2024-11-27 23:32:25,Mild Yawn,0.263,0.350,34,1
2024-11-27 23:32:25,Mild Yawn,0.226,0.352,34,1
2024-11-27 23:32:25,Mild Yawn,0.219,0.358,34,1
2024-11-27 23:32:25,SLEEPING !!!,0.234,0.382,34,1
2024-11-27 23:32:25,SLEEPING !!!,0.234,0.362,34,1
2024-11-27 23:32:25,SLEEPING !!!,0.247,0.357,34,1
2024-11-27 23:32:25,SLEEPING !!!,0.181,0.381,34,1
2024-11-27 23:32:26,SLEEPING !!!,0.204,0.346,34,1
2024-11-27 23:32:26,SLEEPING !!!,0.141,0.333,34,1
2024-11-27 23:32:26,SLEEPING !!!,0.167,0.340,34,1
2024-11-27 23:32:26,SLEEPING !!!,0.230,0.339,34,1
2024-11-27 23:32:26,SLEEPING !!!,0.109,0.394,34,1
2024-11-27 23:32:26,SLEEPING !!!,0.133,0.425,34,1
2024-11-27 23:32:26,SLEEPING !!!,0.200,0.414,34,1
2024-11-27 23:32:26,SLEEPING !!!,0.216,0.382,34,1
2024-11-27 23:32:26,SLEEPING !!!,0.209,0.401,34,1
2024-11-27 23:32:26,SLEEPING !!!,0.223,0.359,34,1
2024-11-27 23:32:27,SLEEPING !!!,0.220,0.346,34,1
2024-11-27 23:32:27,SLEEPING !!!,0.202,0.340,34,1
2024-11-27 23:32:27,SLEEPING !!!,0.217,0.352,34,1
2024-11-27 23:32:27,SLEEPING !!!,0.220,0.351,34,1
2024-11-27 23:32:27,SLEEPING !!!,0.217,0.362,34,1
2024-11-27 23:32:27,SLEEPING !!!,0.220,0.368,34,1
2024-11-27 23:32:27,SLEEPING !!!,0.243,0.409,34,1
2024-11-27 23:32:27,SLEEPING !!!,0.240,0.342,34,1
2024-11-27 23:32:27,Mild Yawn,0.276,0.386,35,1
2024-11-27 23:32:27,Mild Yawn,0.279,0.402,35,1
2024-11-27 23:32:28,Mild Yawn,0.143,0.414,35,1
2024-11-27 23:32:28,Mild Yawn,0.140,0.435,35,1
2024-11-27 23:32:28,SLEEPING !!!,0.196,0.398,35,1
2024-11-27 23:32:28,SLEEPING !!!,0.212,0.440,35,1
2024-11-27 23:32:28,SLEEPING !!!,0.230,0.407,35,1
2024-11-27 23:32:28,SLEEPING !!!,0.237,0.455,35,1
2024-11-27 23:32:28,Mild Yawn,0.253,0.503,36,1
2024-11-27 23:32:28,Mild Yawn,0.240,0.491,36,1
2024-11-27 23:32:28,Mild Yawn,0.250,0.461,36,1
2024-11-27 23:32:28,SLEEPING !!!,0.194,0.506,36,1
2024-11-27 23:32:29,SLEEPING !!!,0.097,0.508,36,1
2024-11-27 23:32:29,SLEEPING !!!,0.213,0.487,36,1
2024-11-27 23:32:29,SLEEPING !!!,0.244,0.486,36,1
2024-11-27 23:32:29,Mild Yawn,0.267,0.460,37,1
2024-11-27 23:32:29,Mild Yawn,0.286,0.461,37,1
2024-11-27 23:32:29,Mild Yawn,0.269,0.458,37,1
2024-11-27 23:32:29,Mild Yawn,0.276,0.433,37,1
2024-11-27 23:32:29,Mild Yawn,0.273,0.444,37,1
2024-11-27 23:32:29,Mild Yawn,0.263,0.412,37,1
2024-11-27 23:32:29,Mild Yawn,0.260,0.404,37,1
2024-11-27 23:32:30,Mild Yawn,0.250,0.401,37,1
2024-11-27 23:32:30,Mild Yawn,0.257,0.368,37,1
2024-11-27 23:32:30,Mild Yawn,0.233,0.376,37,1
2024-11-27 23:32:30,Mild Yawn,0.227,0.385,37,1
2024-11-27 23:32:30,SLEEPING !!!,0.249,0.351,37,1
2024-11-27 23:32:30,Mild Yawn,0.254,0.381,38,1
2024-11-27 23:32:30,Mild Yawn,0.260,0.375,38,1
2024-11-27 23:32:30,Mild Yawn,0.310,0.405,38,1
2024-11-27 23:32:30,Mild Yawn,0.318,0.413,38,1
2024-11-27 23:32:30,Mild Yawn,0.340,0.468,38,1
2024-11-27 23:32:31,Mild Yawn,0.333,0.416,38,1
2024-11-27 23:32:31,Mild Yawn,0.329,0.417,38,1
2024-11-27 23:32:31,Mild Yawn,0.325,0.378,38,1
2024-11-27 23:32:31,Mild Yawn,0.308,0.385,38,1
2024-11-27 23:32:31,Mild Yawn,0.092,0.390,38,1
2024-11-27 23:32:31,Mild Yawn,0.142,0.393,38,1
2024-11-27 23:32:31,SLEEPING !!!,0.193,0.348,38,1
2024-11-27 23:32:31,SLEEPING !!!,0.203,0.346,38,1
2024-11-27 23:32:31,SLEEPING !!!,0.214,0.347,38,1
2024-11-27 23:32:31,Mild Yawn,0.269,0.339,39,1
2024-11-27 23:32:32,Mild Yawn,0.280,0.353,39,1
2024-11-27 23:32:32,Mild Yawn,0.284,0.346,39,1
2024-11-27 23:32:32,Mild Yawn,0.269,0.408,39,1
2024-11-27 23:32:32,Mild Yawn,0.273,0.417,39,1
2024-11-27 23:32:32,Mild Yawn,0.286,0.357,39,1
2024-11-27 23:32:32,Mild Yawn,0.295,0.350,39,1
2024-11-27 23:32:32,Mild Yawn,0.297,0.375,39,1
2024-11-27 23:32:32,Mild Yawn,0.292,0.374,39,1
2024-11-27 23:32:32,Mild Yawn,0.298,0.394,39,1
2024-11-27 23:32:32,Mild Yawn,0.300,0.364,39,1
2024-11-27 23:32:33,Mild Yawn,0.291,0.354,39,1
2024-11-27 23:32:33,Mild Yawn,0.241,0.339,39,1
2024-11-27 23:32:33,Mild Yawn,0.130,0.350,39,1
2024-11-27 23:32:33,SLEEPING !!!,0.164,0.357,39,1
2024-11-27 23:32:33,SLEEPING !!!,0.191,0.358,39,1
2024-11-27 23:32:33,SLEEPING !!!,0.217,0.354,39,1
2024-11-27 23:32:33,SLEEPING !!!,0.204,0.360,39,1
2024-11-27 23:32:33,SLEEPING !!!,0.208,0.359,39,1
2024-11-27 23:32:33,SLEEPING !!!,0.231,0.355,39,1
2024-11-27 23:32:33,Mild Yawn,0.304,0.352,40,1
2024-11-27 23:32:34,Mild Yawn,0.345,0.333,40,1
2024-11-27 23:32:34,Mild Yawn,0.257,0.362,40,1
2024-11-27 23:32:34,Mild Yawn,0.110,0.357,40,1
2024-11-27 23:32:34,Mild Yawn,0.190,0.395,40,1
2024-11-27 23:32:34,SLEEPING !!!,0.214,0.360,40,1
2024-11-27 23:32:34,SLEEPING !!!,0.214,0.355,40,1
2024-11-27 23:32:34,SLEEPING !!!,0.220,0.391,40,1
2024-11-27 23:32:34,SLEEPING !!!,0.227,0.360,40,1
2024-11-27 23:32:34,SLEEPING !!!,0.224,0.361,40,1
2024-11-27 23:32:34,Mild Yawn,0.288,0.342,41,1
2024-11-27 23:32:35,Mild Yawn,0.287,0.324,41,1
2024-11-27 23:32:35,Mild Yawn,0.297,0.367,41,1
2024-11-27 23:32:35,Mild Yawn,0.296,0.355,41,1
2024-11-27 23:32:35,Mild Yawn,0.310,0.364,41,1
2024-11-27 23:32:35,Mild Yawn,0.297,0.337,41,1
2024-11-27 23:32:35,Mild Yawn,0.300,0.353,41,1
2024-11-27 23:32:35,Mild Yawn,0.306,0.339,41,1
2024-11-27 23:32:35,Mild Yawn,0.294,0.367,41,1
2024-11-27 23:32:35,Mild Yawn,0.292,0.330,41,1
2024-11-27 23:32:35,Mild Yawn,0.156,0.342,41,1
2024-11-27 23:32:36,Mild Yawn,0.146,0.344,41,1
2024-11-27 23:32:36,SLEEPING !!!,0.189,0.372,41,1
2024-11-27 23:32:36,SLEEPING !!!,0.197,0.352,41,1
2024-11-27 23:32:36,SLEEPING !!!,0.201,0.354,41,1
2024-11-27 23:32:36,SLEEPING !!!,0.211,0.368,41,1
2024-11-27 23:32:36,SLEEPING !!!,0.206,0.341,41,1
2024-11-27 23:32:36,SLEEPING !!!,0.218,0.368,41,1
2024-11-27 23:32:36,SLEEPING !!!,0.217,0.378,41,1
2024-11-27 23:32:36,SLEEPING !!!,0.206,0.371,41,1
2024-11-27 23:32:36,SLEEPING !!!,0.221,0.396,41,1
2024-11-27 23:32:37,SLEEPING !!!,0.179,0.358,41,1
2024-11-27 23:32:37,SLEEPING !!!,0.105,0.360,41,1
2024-11-27 23:32:37,SLEEPING !!!,0.149,0.377,41,1
2024-11-27 23:32:37,SLEEPING !!!,0.219,0.361,41,1
2024-11-27 23:32:37,SLEEPING !!!,0.200,0.370,41,1
2024-11-27 23:32:37,SLEEPING !!!,0.193,0.350,41,1
2024-11-27 23:32:37,SLEEPING !!!,0.188,0.356,41,1
2024-11-27 23:32:37,SLEEPING !!!,0.199,0.362,41,1
2024-11-27 23:32:37,SLEEPING !!!,0.217,0.347,41,1
2024-11-27 23:32:37,SLEEPING !!!,0.200,0.340,41,1
2024-11-27 23:32:38,SLEEPING !!!,0.201,0.378,41,1
2024-11-27 23:32:38,SLEEPING !!!,0.193,0.348,41,1
2024-11-27 23:32:38,SLEEPING !!!,0.206,0.343,41,1
2024-11-27 23:32:38,SLEEPING !!!,0.183,0.343,41,1
2024-11-27 23:32:38,SLEEPING !!!,0.191,0.332,41,1
2024-11-27 23:32:38,SLEEPING !!!,0.216,0.343,41,1
2024-11-27 23:32:38,SLEEPING !!!,0.188,0.392,41,1
2024-11-27 23:32:38,SLEEPING !!!,0.203,0.360,41,1
2024-11-27 23:32:38,SLEEPING !!!,0.199,0.364,41,1
2024-11-27 23:32:38,SLEEPING !!!,0.121,0.347,41,1
2024-11-27 23:32:39,SLEEPING !!!,0.114,0.474,41,1
2024-11-27 23:32:39,SLEEPING !!!,0.090,0.340,41,1
2024-11-27 23:32:39,SLEEPING !!!,0.100,0.340,41,1
2024-11-27 23:32:39,SLEEPING !!!,0.156,0.384,41,1
2024-11-27 23:32:39,SLEEPING !!!,0.169,0.389,41,1
2024-11-27 23:32:39,SLEEPING !!!,0.171,0.374,41,1
2024-11-27 23:32:39,SLEEPING !!!,0.196,0.371,41,1
2024-11-27 23:32:39,SLEEPING !!!,0.200,0.357,41,1
2024-11-27 23:32:39,SLEEPING !!!,0.200,0.360,41,1
2024-11-27 23:32:39,SLEEPING !!!,0.182,0.341,41,1
2024-11-27 23:32:40,SLEEPING !!!,0.190,0.365,41,1
2024-11-27 23:32:40,SLEEPING !!!,0.194,0.373,41,1
2024-11-27 23:32:40,SLEEPING !!!,0.190,0.422,41,1
2024-11-27 23:32:40,SLEEPING !!!,0.173,0.410,41,1
2024-11-27 23:32:40,SLEEPING !!!,0.163,0.441,41,1
2024-11-27 23:32:40,SLEEPING !!!,0.170,0.374,41,1
2024-11-27 23:32:40,SLEEPING !!!,0.148,0.405,41,1
2024-11-27 23:32:40,SLEEPING !!!,0.144,0.408,41,1
2024-11-27 23:32:40,SLEEPING !!!,0.146,0.416,41,1
2024-11-27 23:32:40,SLEEPING !!!,0.180,0.315,41,1
2024-11-27 23:32:41,SLEEPING !!!,0.158,0.351,41,1
2024-11-27 23:32:41,SLEEPING !!!,0.186,0.370,41,1
2024-11-27 23:32:41,SLEEPING !!!,0.160,0.380,41,1
2024-11-27 23:32:41,SLEEPING !!!,0.146,0.433,41,1
2024-11-27 23:32:41,SLEEPING !!!,0.196,0.333,41,1
2024-11-27 23:32:41,SLEEPING !!!,0.180,0.342,41,1
2024-11-27 23:32:41,SLEEPING !!!,0.193,0.373,41,1
2024-11-27 23:32:41,SLEEPING !!!,0.246,0.359,41,1
2024-11-27 23:32:41,SLEEPING !!!,0.232,0.353,41,1
2024-11-27 23:32:41,SLEEPING !!!,0.213,0.336,41,1
2024-11-27 23:32:42,SLEEPING !!!,0.128,0.359,41,1
2024-11-27 23:32:42,SLEEPING !!!,0.133,0.363,41,1
2024-11-27 23:32:42,SLEEPING !!!,0.176,0.322,41,1
2024-11-27 23:32:42,SLEEPING !!!,0.180,0.353,41,1
2024-11-27 23:32:42,SLEEPING !!!,0.169,0.376,41,1
2024-11-27 23:32:42,SLEEPING !!!,0.191,0.365,41,1
2024-11-27 23:32:42,SLEEPING !!!,0.175,0.354,41,1
2024-11-27 23:32:42,SLEEPING !!!,0.182,0.396,41,1
2024-11-27 23:32:42,SLEEPING !!!,0.194,0.388,41,1
2024-11-27 23:32:42,SLEEPING !!!,0.186,0.385,41,1
2024-11-27 23:32:43,SLEEPING !!!,0.192,0.376,41,1
2024-11-27 23:32:43,SLEEPING !!!,0.188,0.409,41,1
2024-11-27 23:32:43,SLEEPING !!!,0.190,0.414,41,1
2024-11-27 23:32:43,SLEEPING !!!,0.199,0.415,41,1
2024-11-27 23:32:43,SLEEPING !!!,0.184,0.412,41,1
2024-11-27 23:32:43,SLEEPING !!!,0.151,0.419,41,1
2024-11-27 23:32:43,SLEEPING !!!,0.063,0.439,41,1
2024-11-27 23:32:43,SLEEPING !!!,0.195,0.428,41,1
2024-11-27 23:32:43,Mild Yawn,0.251,0.392,42,1
2024-11-27 23:32:43,Mild Yawn,0.227,0.405,42,1
2024-11-27 23:32:44,Mild Yawn,0.133,0.374,42,1
2024-11-27 23:32:44,SLEEPING !!!,0.075,0.388,42,1
2024-11-27 23:32:44,SLEEPING !!!,0.126,0.389,42,1
2024-11-27 23:32:44,SLEEPING !!!,0.186,0.371,42,1
2024-11-27 23:32:44,Mild Yawn,0.262,0.362,43,1
2024-11-27 23:32:44,Mild Yawn,0.279,0.324,43,1
2024-11-27 23:32:44,Mild Yawn,0.317,0.309,43,1
2024-11-27 23:32:44,Mild Yawn,0.292,0.387,43,1
2024-11-27 23:32:44,Mild Yawn,0.262,0.393,43,1
2024-11-27 23:32:45,Mild Yawn,0.228,0.317,43,1
2024-11-27 23:32:45,Mild Yawn,0.366,0.383,43,1
2024-11-27 23:32:45,Mild Yawn,0.190,0.379,43,1
2024-11-27 23:32:45,Mild Yawn,0.204,0.325,43,1
2024-11-27 23:32:45,SLEEPING !!!,0.207,0.341,43,1
2024-11-27 23:32:45,Mild Yawn,0.267,0.281,44,1
2024-11-27 23:32:45,Mild Yawn,0.229,0.335,44,1
2024-11-27 23:32:45,Mild Yawn,0.249,0.389,44,1
2024-11-27 23:32:45,SLEEPING !!!,0.234,0.405,44,1
2024-11-27 23:32:45,Mild Yawn,0.287,0.353,45,1
2024-11-27 23:32:46,Mild Yawn,0.290,0.357,45,1
2024-11-27 23:32:46,Mild Yawn,0.302,0.393,45,1
2024-11-27 23:32:46,Mild Yawn,0.288,0.348,45,1
2024-11-27 23:32:46,Mild Yawn,0.300,0.416,45,1
2024-11-27 23:32:46,Mild Yawn,0.316,0.345,45,1
2024-11-27 23:32:46,Mild Yawn,0.281,0.288,45,1
2024-11-27 23:32:46,Mild Yawn,0.271,0.294,45,1
2024-11-27 23:32:46,Mild Yawn,0.264,0.367,45,1
2024-11-27 23:32:46,Mild Yawn,0.251,0.405,45,1
2024-11-27 23:32:46,Mild Yawn,0.243,0.403,45,1
2024-11-27 23:32:47,Mild Yawn,0.230,0.376,45,1
2024-11-27 23:32:47,SLEEPING !!!,0.250,0.392,45,1
2024-11-27 23:32:47,SLEEPING !!!,0.240,0.370,45,1
2024-11-27 23:32:47,SLEEPING !!!,0.208,0.375,45,1
2024-11-27 23:32:47,SLEEPING !!!,0.201,0.423,45,1
2024-11-27 23:32:47,SLEEPING !!!,0.133,0.463,45,1
2024-11-27 23:32:47,SLEEPING !!!,0.134,0.364,45,1
2024-11-27 23:32:47,SLEEPING !!!,0.211,0.362,45,1
2024-11-27 23:32:47,SLEEPING !!!,0.212,0.423,45,1
2024-11-27 23:32:47,SLEEPING !!!,0.197,0.472,45,1
2024-11-27 23:32:48,SLEEPING !!!,0.171,0.426,45,1
2024-11-27 23:32:48,SLEEPING !!!,0.181,0.366,45,1
2024-11-27 23:32:48,SLEEPING !!!,0.230,0.263,45,1
2024-11-27 23:32:48,SLEEPING !!!,0.225,0.274,45,1
2024-11-27 23:32:48,SLEEPING !!!,0.236,0.318,45,1
2024-11-27 23:32:48,SLEEPING !!!,0.218,0.353,45,1
2024-11-27 23:32:48,SLEEPING !!!,0.237,0.401,45,1
2024-11-27 23:32:48,SLEEPING !!!,0.246,0.443,45,1
2024-11-27 23:32:48,SLEEPING !!!,0.220,0.450,45,1
2024-11-27 23:32:48,SLEEPING !!!,0.114,0.457,45,1
2024-11-27 23:32:49,SLEEPING !!!,0.245,0.512,45,1
2024-11-27 23:32:49,Mild Yawn,0.269,0.403,46,1
2024-11-27 23:32:49,Mild Yawn,0.267,0.465,46,1
2024-11-27 23:32:49,Mild Yawn,0.307,0.388,46,1
2024-11-27 23:32:49,Mild Yawn,0.319,0.377,46,1
2024-11-27 23:32:49,Mild Yawn,0.125,0.369,46,1
2024-11-27 23:32:49,Mild Yawn,0.108,0.381,46,1
2024-11-27 23:32:49,SLEEPING !!!,0.101,0.500,46,1
2024-11-27 23:32:49,SLEEPING !!!,0.177,0.412,46,1
2024-11-27 23:32:49,Mild Yawn,0.366,0.414,47,1
2024-11-27 23:32:50,Mild Yawn,0.405,0.425,47,1
2024-11-27 23:32:50,Mild Yawn,0.381,0.387,47,1
2024-11-27 23:32:50,Mild Yawn,0.379,0.373,47,1
2024-11-27 23:32:50,Mild Yawn,0.113,0.426,47,1
2024-11-27 23:32:50,Mild Yawn,0.094,0.447,47,1
2024-11-27 23:32:50,SLEEPING !!!,0.195,0.408,47,1
2024-11-27 23:32:50,Mild Yawn,0.352,0.429,48,1
2024-11-27 23:32:50,Mild Yawn,0.369,0.468,48,1
2024-11-27 23:32:50,Mild Yawn,0.384,0.463,48,1
2024-11-27 23:32:50,Mild Yawn,0.411,0.488,48,1
2024-11-27 23:32:51,Mild Yawn,0.229,0.448,48,1
2024-11-27 23:32:51,Mild Yawn,0.110,0.454,48,1
2024-11-27 23:32:51,SLEEPING !!!,0.105,0.428,48,1
2024-11-27 23:32:51,SLEEPING !!!,0.229,0.449,48,1
2024-11-27 23:32:51,Mild Yawn,0.329,0.416,49,1
2024-11-27 23:32:51,Mild Yawn,0.368,0.450,49,1
2024-11-27 23:32:51,Mild Yawn,0.374,0.414,49,1
2024-11-27 23:32:51,Mild Yawn,0.361,0.435,49,1
2024-11-27 23:32:51,Mild Yawn,0.365,0.431,49,1
2024-11-27 23:32:51,Mild Yawn,0.115,0.426,49,1
2024-11-27 23:32:52,Mild Yawn,0.207,0.453,49,1
2024-11-27 23:32:52,SLEEPING !!!,0.097,0.451,49,1
2024-11-27 23:32:52,SLEEPING !!!,0.093,0.445,49,1
2024-11-27 23:32:52,SLEEPING !!!,0.204,0.409,49,1
2024-11-27 23:32:52,SLEEPING !!!,0.247,0.425,49,1
2024-11-27 23:32:52,Mild Yawn,0.301,0.436,50,1
2024-11-27 23:32:52,Mild Yawn,0.317,0.417,50,1
2024-11-27 23:32:52,Mild Yawn,0.152,0.398,50,1
2024-11-27 23:32:52,Mild Yawn,0.248,0.407,50,1
2024-11-27 23:32:52,Mild Yawn,0.329,0.402,50,1
2024-11-27 23:32:53,Mild Yawn,0.316,0.384,50,1
2024-11-27 23:32:53,Mild Yawn,0.324,0.404,50,1
2024-11-27 23:32:53,Mild Yawn,0.319,0.384,50,1
2024-11-27 23:32:53,Mild Yawn,0.304,0.386,50,1
2024-11-27 23:32:53,Mild Yawn,0.322,0.398,50,1
2024-11-27 23:32:53,Mild Yawn,0.317,0.378,50,1
2024-11-27 23:32:53,Mild Yawn,0.254,0.382,50,1
2024-11-27 23:32:53,Mild Yawn,0.268,0.413,50,1
2024-11-27 23:32:53,Mild Yawn,0.296,0.437,50,1
2024-11-27 23:32:53,Mild Yawn,0.261,0.414,50,1
2024-11-27 23:32:54,Mild Yawn,0.250,0.402,50,1
2024-11-27 23:32:54,Mild Yawn,0.240,0.369,50,1
2024-11-27 23:32:54,Mild Yawn,0.236,0.372,50,1
2024-11-27 23:32:54,SLEEPING !!!,0.236,0.377,50,1
2024-11-27 23:32:54,SLEEPING !!!,0.247,0.402,50,1
2024-11-27 23:32:54,SLEEPING !!!,0.222,0.392,50,1
2024-11-27 23:32:54,SLEEPING !!!,0.088,0.405,50,1
2024-11-27 23:32:54,SLEEPING !!!,0.236,0.403,50,1
2024-11-27 23:32:54,Mild Yawn,0.303,0.451,51,1
2024-11-27 23:32:54,Mild Yawn,0.306,0.357,51,1
2024-11-27 23:32:55,Mild Yawn,0.329,0.405,51,1
2024-11-27 23:32:55,Mild Yawn,0.325,0.374,51,1
2024-11-27 23:32:55,Mild Yawn,0.352,0.420,51,1
2024-11-27 23:32:55,Mild Yawn,0.332,0.384,51,1
2024-11-27 23:32:55,Mild Yawn,0.313,0.330,51,1
2024-11-27 23:32:55,Mild Yawn,0.335,0.393,51,1
2024-11-27 23:32:55,Mild Yawn,0.306,0.386,51,1
2024-11-27 23:32:55,Mild Yawn,0.308,0.393,51,1
2024-11-27 23:32:55,Mild Yawn,0.126,0.424,51,1
2024-11-27 23:32:55,Mild Yawn,0.247,0.390,51,1
2024-11-27 23:32:56,Mild Yawn,0.301,0.377,51,1
2024-11-27 23:32:56,Mild Yawn,0.300,0.398,51,1
2024-11-27 23:32:56,Mild Yawn,0.301,0.411,51,1
2024-11-27 23:32:56,Mild Yawn,0.307,0.384,51,1
2024-11-27 23:32:56,Mild Yawn,0.297,0.396,51,1
2024-11-27 23:32:56,Mild Yawn,0.113,0.438,51,1
2024-11-27 23:32:56,Mild Yawn,0.103,0.376,51,1
2024-11-27 23:32:56,SLEEPING !!!,0.123,0.481,51,1
2024-11-27 23:32:56,SLEEPING !!!,0.244,0.386,51,1
2024-11-27 23:32:56,SLEEPING !!!,0.237,0.354,51,1
2024-11-27 23:32:57,Mild Yawn,0.254,0.363,52,1
2024-11-27 23:32:57,Mild Yawn,0.259,0.451,52,1
2024-11-27 23:32:57,Mild Yawn,0.266,0.456,52,1
2024-11-27 23:32:57,Mild Yawn,0.285,0.407,52,1
2024-11-27 23:32:57,Mild Yawn,0.297,0.361,52,1
2024-11-27 23:32:57,Mild Yawn,0.329,0.353,52,1
2024-11-27 23:32:57,Mild Yawn,0.316,0.432,52,1
2024-11-27 23:32:57,Mild Yawn,0.325,0.402,52,1
2024-11-27 23:32:57,Mild Yawn,0.343,0.405,52,1
2024-11-27 23:32:57,Mild Yawn,0.351,0.374,52,1
2024-11-27 23:32:58,Mild Yawn,0.344,0.397,52,1
2024-11-27 23:32:58,Mild Yawn,0.348,0.378,52,1
2024-11-27 23:32:58,Mild Yawn,0.355,0.377,52,1
2024-11-27 23:32:58,Mild Yawn,0.341,0.423,52,1
2024-11-27 23:32:58,Mild Yawn,0.355,0.508,52,1
2024-11-27 23:32:58,Mild Yawn,0.372,0.379,52,1
2024-11-27 23:32:58,Mild Yawn,0.355,0.376,52,1
2024-11-27 23:32:58,Mild Yawn,0.345,0.395,52,1
2024-11-27 23:32:58,Mild Yawn,0.371,0.380,52,1
2024-11-27 23:32:58,Mild Yawn,0.357,0.390,52,1
2024-11-27 23:32:59,Mild Yawn,0.364,0.406,52,1
2024-11-27 23:32:59,Mild Yawn,0.357,0.403,52,1
2024-11-27 23:32:59,Mild Yawn,0.215,0.379,52,1
2024-11-27 23:32:59,Mild Yawn,0.141,0.405,52,1
2024-11-27 23:32:59,SLEEPING !!!,0.243,0.413,52,1
2024-11-27 23:32:59,Mild Yawn,0.275,0.444,53,1
2024-11-27 23:32:59,Mild Yawn,0.294,0.440,53,1
2024-11-27 23:32:59,Mild Yawn,0.309,0.455,53,1
2024-11-27 23:32:59,Mild Yawn,0.331,0.381,53,1
2024-11-27 23:32:59,Mild Yawn,0.334,0.388,53,1
2024-11-27 23:33:00,Mild Yawn,0.327,0.377,53,1
2024-11-27 23:33:00,Mild Yawn,0.358,0.381,53,1
2024-11-27 23:33:00,Mild Yawn,0.347,0.421,53,1
2024-11-27 23:33:00,Mild Yawn,0.349,0.385,53,1
2024-11-27 23:33:00,Mild Yawn,0.317,0.397,53,1
2024-11-27 23:33:00,Mild Yawn,0.086,0.427,53,1
2024-11-27 23:33:00,Mild Yawn,0.146,0.339,53,1
2024-11-27 23:33:00,SLEEPING !!!,0.093,0.399,53,1
2024-11-27 23:33:00,SLEEPING !!!,0.121,0.312,53,1
2024-11-27 23:33:00,SLEEPING !!!,0.143,0.312,53,1
2024-11-27 23:33:01,SLEEPING !!!,0.188,0.396,53,1
2024-11-27 23:33:01,Mild Yawn,0.271,0.368,54,1
2024-11-27 23:33:01,Mild Yawn,0.290,0.361,54,1
2024-11-27 23:33:01,Mild Yawn,0.299,0.389,54,1
2024-11-27 23:33:01,Mild Yawn,0.297,0.381,54,1
2024-11-27 23:33:01,Mild Yawn,0.316,0.361,54,1
2024-11-27 23:33:01,Mild Yawn,0.306,0.350,54,1
2024-11-27 23:33:01,Mild Yawn,0.315,0.342,54,1
2024-11-27 23:33:01,Mild Yawn,0.313,0.356,54,1
2024-11-27 23:33:01,Mild Yawn,0.310,0.334,54,1
2024-11-27 23:33:02,Mild Yawn,0.270,0.353,54,1
2024-11-27 23:33:02,Mild Yawn,0.258,0.359,54,1
2024-11-27 23:33:02,Mild Yawn,0.277,0.352,54,1
2024-11-27 23:33:02,Mild Yawn,0.281,0.334,54,1
2024-11-27 23:33:02,Mild Yawn,0.269,0.354,54,1
2024-11-27 23:33:02,Mild Yawn,0.285,0.341,54,1
2024-11-27 23:33:02,Mild Yawn,0.277,0.374,54,1
2024-11-27 23:33:02,Mild Yawn,0.269,0.392,54,1
2024-11-27 23:33:02,Mild Yawn,0.281,0.382,54,1
2024-11-27 23:33:02,Mild Yawn,0.286,0.350,54,1
2024-11-27 23:33:03,Mild Yawn,0.289,0.352,54,1
2024-11-27 23:33:03,Mild Yawn,0.262,0.370,54,1
2024-11-27 23:33:03,Mild Yawn,0.198,0.389,54,1
2024-11-27 23:33:03,Mild Yawn,0.153,0.361,54,1
2024-11-27 23:33:03,SLEEPING !!!,0.140,0.332,54,1
2024-11-27 23:33:03,SLEEPING !!!,0.126,0.347,54,1
2024-11-27 23:33:03,SLEEPING !!!,0.153,0.361,54,1
2024-11-27 23:33:03,SLEEPING !!!,0.111,0.354,54,1
2024-11-27 23:33:03,SLEEPING !!!,0.233,0.314,54,1
2024-11-27 23:33:03,Mild Yawn,0.286,0.366,55,1
2024-11-27 23:33:04,Mild Yawn,0.281,0.363,55,1
2024-11-27 23:33:04,Mild Yawn,0.297,0.348,55,1
2024-11-27 23:33:04,Mild Yawn,0.273,0.373,55,1
2024-11-27 23:33:04,Mild Yawn,0.293,0.371,55,1
2024-11-27 23:33:04,Mild Yawn,0.278,0.362,55,1
2024-11-27 23:33:04,Mild Yawn,0.273,0.340,55,1
2024-11-27 23:33:04,Mild Yawn,0.222,0.366,55,1
2024-11-27 23:33:04,Mild Yawn,0.168,0.332,55,1
2024-11-27 23:33:04,SLEEPING !!!,0.194,0.368,55,1
2024-11-27 23:33:04,SLEEPING !!!,0.225,0.375,55,1
2024-11-27 23:33:05,SLEEPING !!!,0.247,0.366,55,1
2024-11-27 23:33:05,Mild Yawn,0.254,0.390,56,1
2024-11-27 23:33:05,Mild Yawn,0.262,0.377,56,1
2024-11-27 23:33:05,Mild Yawn,0.199,0.374,56,1
2024-11-27 23:33:05,Mild Yawn,0.153,0.413,56,1
2024-11-27 23:33:05,SLEEPING !!!,0.150,0.377,56,1
2024-11-27 23:33:05,SLEEPING !!!,0.202,0.383,56,1
2024-11-27 23:33:05,SLEEPING !!!,0.230,0.377,56,1
2024-11-27 23:33:05,Mild Yawn,0.250,0.358,57,1
2024-11-27 23:33:05,Mild Yawn,0.239,0.372,57,1
2024-11-27 23:33:06,Mild Yawn,0.246,0.395,57,1
2024-11-27 23:33:06,SLEEPING !!!,0.125,0.395,57,1
2024-11-27 23:33:06,SLEEPING !!!,0.197,0.363,57,1
2024-11-27 23:33:06,SLEEPING !!!,0.234,0.402,57,1
2024-11-27 23:33:06,Mild Yawn,0.254,0.388,58,1
2024-11-27 23:33:06,Mild Yawn,0.181,0.383,58,1
2024-11-27 23:33:06,Mild Yawn,0.158,0.378,58,1
2024-11-27 23:33:06,SLEEPING !!!,0.157,0.425,58,1
2024-11-27 23:33:06,SLEEPING !!!,0.169,0.417,58,1
2024-11-27 23:33:06,SLEEPING !!!,0.218,0.354,58,1
2024-11-27 23:33:07,Mild Yawn,0.255,0.352,59,1
2024-11-27 23:33:07,Mild Yawn,0.174,0.349,59,1
2024-11-27 23:33:07,Mild Yawn,0.152,0.366,59,1
2024-11-27 23:33:07,SLEEPING !!!,0.242,0.368,59,1
2024-11-27 23:33:07,SLEEPING !!!,0.243,0.370,59,1
2024-11-27 23:33:07,Mild Yawn,0.258,0.376,60,1
2024-11-27 23:33:07,Mild Yawn,0.251,0.383,60,1
2024-11-27 23:33:07,Mild Yawn,0.167,0.395,60,1
2024-11-27 23:33:07,Mild Yawn,0.142,0.373,60,1
2024-11-27 23:33:07,SLEEPING !!!,0.125,0.382,60,1
2024-11-27 23:33:08,SLEEPING !!!,0.190,0.395,60,1
2024-11-27 23:33:08,SLEEPING !!!,0.215,0.388,60,1
2024-11-27 23:33:08,SLEEPING !!!,0.249,0.391,60,1
2024-11-27 23:33:08,Mild Yawn,0.250,0.368,61,1
2024-11-27 23:33:08,Mild Yawn,0.251,0.358,61,1
2024-11-27 23:33:08,Mild Yawn,0.266,0.364,61,1
2024-11-27 23:33:08,Mild Yawn,0.242,0.376,61,1
2024-11-27 23:33:08,Mild Yawn,0.254,0.396,61,1
2024-11-27 23:33:08,Mild Yawn,0.266,0.369,61,1
2024-11-27 23:33:08,Mild Yawn,0.251,0.370,61,1
2024-11-27 23:33:09,Mild Yawn,0.266,0.370,61,1
2024-11-27 23:33:09,Mild Yawn,0.228,0.382,61,1
2024-11-27 23:33:09,Mild Yawn,0.133,0.389,61,1
2024-11-27 23:33:09,SLEEPING !!!,0.139,0.385,61,1
2024-11-27 23:33:09,SLEEPING !!!,0.143,0.373,61,1
2024-11-27 23:33:09,SLEEPING !!!,0.170,0.394,61,1
2024-11-27 23:33:09,SLEEPING !!!,0.215,0.366,61,1
2024-11-27 23:33:09,SLEEPING !!!,0.230,0.369,61,1
2024-11-27 23:33:09,SLEEPING !!!,0.238,0.360,61,1
2024-11-27 23:33:09,SLEEPING !!!,0.238,0.363,61,1
2024-11-27 23:33:10,SLEEPING !!!,0.250,0.360,61,1
2024-11-27 23:33:10,SLEEPING !!!,0.246,0.355,61,1
2024-11-27 23:33:10,SLEEPING !!!,0.238,0.370,61,1
2024-11-27 23:33:10,SLEEPING !!!,0.227,0.370,61,1
2024-11-27 23:33:10,Mild Yawn,0.254,0.362,62,1
2024-11-27 23:33:10,Mild Yawn,0.224,0.386,62,1
2024-11-27 23:33:10,Mild Yawn,0.238,0.371,62,1
2024-11-27 23:33:10,SLEEPING !!!,0.222,0.391,62,1
2024-11-27 23:33:10,SLEEPING !!!,0.154,0.362,62,1
2024-11-27 23:33:10,SLEEPING !!!,0.141,0.370,62,1
2024-11-27 23:33:11,SLEEPING !!!,0.127,0.368,62,1
2024-11-27 23:33:11,SLEEPING !!!,0.127,0.366,62,1
2024-11-27 23:33:11,SLEEPING !!!,0.132,0.331,62,1
2024-11-27 23:33:11,SLEEPING !!!,0.127,0.366,62,1
2024-11-27 23:33:11,SLEEPING !!!,0.203,0.353,62,1
2024-11-27 23:33:11,SLEEPING !!!,0.246,0.361,62,1
2024-11-27 23:33:11,Mild Yawn,0.274,0.375,63,1
2024-11-27 23:33:11,Mild Yawn,0.288,0.352,63,1
2024-11-27 23:33:11,Mild Yawn,0.262,0.367,63,1
2024-11-27 23:33:11,Mild Yawn,0.286,0.345,63,1
2024-11-27 23:33:12,Mild Yawn,0.262,0.351,63,1
2024-11-27 23:33:12,Mild Yawn,0.261,0.367,63,1
2024-11-27 23:33:12,Mild Yawn,0.277,0.379,63,1
2024-11-27 23:33:12,Mild Yawn,0.261,0.400,63,1
2024-11-27 23:33:12,Mild Yawn,0.270,0.395,63,1
2024-11-27 23:33:12,Mild Yawn,0.296,0.381,63,1
2024-11-27 23:33:12,Mild Yawn,0.309,0.385,63,1
2024-11-27 23:33:12,Mild Yawn,0.277,0.355,63,1
2024-11-27 23:33:12,Mild Yawn,0.294,0.391,63,1
2024-11-27 23:33:13,Mild Yawn,0.279,0.375,63,1
2024-11-27 23:33:13,Mild Yawn,0.299,0.376,63,1
2024-11-27 23:33:13,Mild Yawn,0.266,0.384,63,1
2024-11-27 23:33:13,Mild Yawn,0.283,0.382,63,1
2024-11-27 23:33:13,Mild Yawn,0.301,0.388,63,1
2024-11-27 23:33:13,Mild Yawn,0.262,0.402,63,1
2024-11-27 23:33:13,Mild Yawn,0.253,0.409,63,1
2024-11-27 23:33:13,Mild Yawn,0.270,0.394,63,1
2024-11-27 23:33:13,Mild Yawn,0.278,0.383,63,1
2024-11-27 23:33:13,Mild Yawn,0.292,0.359,63,1
2024-11-27 23:33:14,Mild Yawn,0.286,0.374,63,1
2024-11-27 23:33:14,Mild Yawn,0.297,0.392,63,1
2024-11-27 23:33:14,Mild Yawn,0.281,0.381,63,1
2024-11-27 23:33:14,Mild Yawn,0.277,0.424,63,1
2024-11-27 23:33:14,Mild Yawn,0.305,0.388,63,1
2024-11-27 23:33:14,Mild Yawn,0.280,0.391,63,1
2024-11-27 23:33:14,Mild Yawn,0.262,0.421,63,1
2024-11-27 23:33:14,Mild Yawn,0.289,0.407,63,1
2024-11-27 23:33:14,Mild Yawn,0.266,0.399,63,1
2024-11-27 23:33:14,Mild Yawn,0.277,0.426,63,1
2024-11-27 23:33:15,Mild Yawn,0.251,0.420,63,1
2024-11-27 23:33:15,Mild Yawn,0.192,0.384,63,1
2024-11-27 23:33:15,Mild Yawn,0.142,0.365,63,1
2024-11-27 23:33:15,SLEEPING !!!,0.214,0.363,63,1
2024-11-27 23:33:15,SLEEPING !!!,0.249,0.362,63,1
2024-11-27 23:33:15,Mild Yawn,0.274,0.364,64,1
2024-11-27 23:33:15,Mild Yawn,0.266,0.362,64,1
2024-11-27 23:33:15,Mild Yawn,0.270,0.366,64,1
2024-11-27 23:33:15,Mild Yawn,0.262,0.345,64,1
2024-11-27 23:33:15,Mild Yawn,0.258,0.352,64,1
2024-11-27 23:33:16,Mild Yawn,0.251,0.368,64,1
2024-11-27 23:33:16,Mild Yawn,0.274,0.364,64,1
2024-11-27 23:33:16,Mild Yawn,0.251,0.397,64,1
2024-11-27 23:33:16,Mild Yawn,0.258,0.386,64,1
2024-11-27 23:33:16,Mild Yawn,0.243,0.387,64,1
2024-11-27 23:33:16,Mild Yawn,0.255,0.405,64,1
2024-11-27 23:33:16,Mild Yawn,0.284,0.387,64,1
2024-11-27 23:33:16,Mild Yawn,0.282,0.380,64,1
2024-11-27 23:33:16,Mild Yawn,0.299,0.397,64,1
2024-11-27 23:33:16,Mild Yawn,0.325,0.416,64,1
2024-11-27 23:33:17,Mild Yawn,0.335,0.391,64,1
2024-11-27 23:33:17,Mild Yawn,0.345,0.382,64,1
2024-11-27 23:33:17,Mild Yawn,0.350,0.385,64,1
2024-11-27 23:33:17,Mild Yawn,0.328,0.379,64,1
2024-11-27 23:33:17,Mild Yawn,0.094,0.370,64,1
2024-11-27 23:33:17,Mild Yawn,0.132,0.384,64,1
2024-11-27 23:33:17,SLEEPING !!!,0.113,0.375,64,1
2024-11-27 23:33:17,SLEEPING !!!,0.222,0.344,64,1
2024-11-27 23:33:17,Mild Yawn,0.350,0.352,65,1
2024-11-27 23:33:17,Mild Yawn,0.390,0.359,65,1
2024-11-27 23:33:18,Mild Yawn,0.390,0.359,65,1
2024-11-27 23:33:18,Mild Yawn,0.377,0.379,65,1
2024-11-27 23:33:18,Mild Yawn,0.387,0.362,65,1
2024-11-27 23:33:18,Mild Yawn,0.108,0.405,65,1
2024-11-27 23:33:18,Mild Yawn,0.121,0.359,65,1
2024-11-27 23:33:18,SLEEPING !!!,0.161,0.407,65,1
2024-11-27 23:33:18,Mild Yawn,0.336,0.400,66,1
2024-11-27 23:33:18,Mild Yawn,0.358,0.400,66,1
2024-11-27 23:33:18,Mild Yawn,0.375,0.384,66,1
2024-11-27 23:33:18,Mild Yawn,0.365,0.417,66,1
2024-11-27 23:33:19,Mild Yawn,0.145,0.466,66,1
2024-11-27 23:33:19,Mild Yawn,0.246,0.486,66,1
2024-11-27 23:33:19,Mild Yawn,0.297,0.532,66,1
2024-11-27 23:33:19,Moderate Yawn !,0.339,0.676,66,1
2024-11-27 23:33:19,Moderate Yawn !,0.336,0.718,66,1
2024-11-27 23:33:19,Moderate Yawn !,0.314,0.708,66,1
2024-11-27 23:33:19,Moderate Yawn !,0.322,0.740,66,1
2024-11-27 23:33:19,Moderate Yawn !,0.315,0.655,66,1
2024-11-27 23:33:19,Moderate Yawn !,0.306,0.793,66,1
2024-11-27 23:33:19,Moderate Yawn !,0.115,0.796,66,1
2024-11-27 23:33:20,Moderate Yawn !,0.193,0.781,66,1
2024-11-27 23:33:20,Moderate Yawn !,0.266,0.747,66,1
2024-11-27 23:33:20,Severe Yawn !!!,0.275,0.841,66,1
2024-11-27 23:33:20,Moderate Yawn !,0.105,0.760,66,1
2024-11-27 23:33:20,Moderate Yawn !,0.161,0.757,66,1
2024-11-27 23:33:20,Moderate Yawn !,0.259,0.778,66,1
2024-11-27 23:33:20,Severe Yawn !!!,0.275,0.804,66,1
2024-11-27 23:33:20,Moderate Yawn !,0.313,0.784,66,1
2024-11-27 23:33:20,Moderate Yawn !,0.298,0.790,66,1
2024-11-27 23:33:20,Moderate Yawn !,0.227,0.756,66,1
2024-11-27 23:33:21,Moderate Yawn !,0.096,0.789,66,1
2024-11-27 23:33:21,SLEEPING !!!,0.227,0.804,66,1
2024-11-27 23:33:21,Moderate Yawn !,0.267,0.797,67,1
2024-11-27 23:33:21,Moderate Yawn !,0.300,0.796,67,1
2024-11-27 23:33:21,Moderate Yawn !,0.283,0.762,67,1
2024-11-27 23:33:21,Moderate Yawn !,0.290,0.794,67,1
2024-11-27 23:33:21,Moderate Yawn !,0.282,0.800,67,1
2024-11-27 23:33:21,Moderate Yawn !,0.287,0.742,67,1
2024-11-27 23:33:21,Moderate Yawn !,0.286,0.776,67,1
2024-11-27 23:33:21,Moderate Yawn !,0.278,0.734,67,1
2024-11-27 23:33:22,Moderate Yawn !,0.235,0.794,67,1
2024-11-27 23:33:22,Moderate Yawn !,0.114,0.789,67,1
2024-11-27 23:33:22,SLEEPING !!!,0.231,0.690,67,1
2024-11-27 23:33:22,Mild Yawn,0.278,0.501,68,1
2024-11-27 23:33:22,Mild Yawn,0.292,0.340,68,1
2024-11-27 23:33:22,Mild Yawn,0.301,0.322,68,1
2024-11-27 23:33:22,Mild Yawn,0.298,0.335,68,1
2024-11-27 23:33:22,Mild Yawn,0.275,0.316,68,1
2024-11-27 23:33:22,Mild Yawn,0.269,0.319,68,1
2024-11-27 23:33:22,Mild Yawn,0.274,0.294,68,1
2024-11-27 23:33:23,Mild Yawn,0.243,0.307,68,1
2024-11-27 23:33:23,Mild Yawn,0.274,0.327,68,1
2024-11-27 23:33:23,Mild Yawn,0.250,0.357,68,1
2024-11-27 23:33:23,Mild Yawn,0.247,0.412,68,1
2024-11-27 23:33:23,Mild Yawn,0.254,0.424,68,1
2024-11-27 23:33:23,Mild Yawn,0.259,0.335,68,1
2024-11-27 23:33:23,Mild Yawn,0.283,0.338,68,1
2024-11-27 23:33:23,Mild Yawn,0.285,0.382,68,1
2024-11-27 23:33:23,Mild Yawn,0.251,0.370,68,1
2024-11-27 23:33:23,Mild Yawn,0.258,0.383,68,1
2024-11-27 23:33:24,Mild Yawn,0.251,0.373,68,1
2024-11-27 23:33:24,Mild Yawn,0.281,0.384,68,1
2024-11-27 23:33:24,Mild Yawn,0.250,0.400,68,1
2024-11-27 23:33:24,Mild Yawn,0.266,0.372,68,1
2024-11-27 23:33:24,Mild Yawn,0.281,0.373,68,1
2024-11-27 23:33:24,Mild Yawn,0.319,0.332,68,1
2024-11-27 23:33:24,Mild Yawn,0.336,0.367,68,1
2024-11-27 23:33:24,Mild Yawn,0.303,0.360,68,1
2024-11-27 23:33:24,Mild Yawn,0.313,0.382,68,1
2024-11-27 23:33:24,Mild Yawn,0.296,0.382,68,1
2024-11-27 23:33:25,Mild Yawn,0.306,0.372,68,1
2024-11-27 23:33:25,Mild Yawn,0.313,0.400,68,1
2024-11-27 23:33:25,Mild Yawn,0.322,0.379,68,1
2024-11-27 23:33:25,Mild Yawn,0.291,0.379,68,1
2024-11-27 23:33:25,Mild Yawn,0.318,0.376,68,1
2024-11-27 23:33:25,Mild Yawn,0.331,0.399,68,1
2024-11-27 23:33:25,Mild Yawn,0.331,0.391,68,1
2024-11-27 23:33:25,Mild Yawn,0.358,0.315,68,1
2024-11-27 23:33:25,Mild Yawn,0.354,0.307,68,1
2024-11-27 23:33:25,Mild Yawn,0.365,0.308,68,1
2024-11-27 23:33:26,Mild Yawn,0.333,0.445,68,1
2024-11-27 23:33:26,Mild Yawn,0.338,0.343,68,1
2024-11-27 23:33:26,Mild Yawn,0.343,0.321,68,1
2024-11-27 23:33:26,Mild Yawn,0.328,0.351,68,1
2024-11-27 23:33:26,Mild Yawn,0.293,0.308,68,1
2024-11-27 23:33:26,Mild Yawn,0.289,0.308,68,1
2024-11-27 23:33:26,Mild Yawn,0.303,0.315,68,1
2024-11-27 23:33:26,Mild Yawn,0.305,0.323,68,1
2024-11-27 23:33:26,Mild Yawn,0.218,0.352,68,1
2024-11-27 23:33:26,Mild Yawn,0.193,0.339,68,1
2024-11-27 23:33:27,Mild Yawn,0.270,0.349,68,1
2024-11-27 23:33:27,Mild Yawn,0.279,0.388,68,1
2024-11-27 23:33:27,Mild Yawn,0.310,0.352,68,1
2024-11-27 23:33:27,Mild Yawn,0.312,0.333,68,1
2024-11-27 23:33:27,Mild Yawn,0.313,0.332,68,1
2024-11-27 23:33:27,Mild Yawn,0.320,0.361,68,1
2024-11-27 23:33:27,Mild Yawn,0.292,0.378,68,1
2024-11-27 23:33:27,Mild Yawn,0.286,0.384,68,1
2024-11-27 23:33:27,Mild Yawn,0.134,0.375,68,1
2024-11-27 23:33:27,Mild Yawn,0.211,0.394,68,1
2024-11-27 23:33:28,Mild Yawn,0.278,0.393,68,1
2024-11-27 23:33:28,Mild Yawn,0.313,0.356,68,1
2024-11-27 23:33:28,Mild Yawn,0.303,0.379,68,1
2024-11-27 23:33:28,Mild Yawn,0.344,0.379,68,1
2024-11-27 23:33:28,Mild Yawn,0.343,0.411,68,1
2024-11-27 23:33:28,Mild Yawn,0.348,0.387,68,1
2024-11-27 23:33:28,Mild Yawn,0.341,0.410,68,1
2024-11-27 23:33:28,Mild Yawn,0.333,0.407,68,1
2024-11-27 23:33:28,Mild Yawn,0.302,0.394,68,1
2024-11-27 23:33:28,Mild Yawn,0.307,0.395,68,1
2024-11-27 23:33:29,Mild Yawn,0.305,0.391,68,1
2024-11-27 23:33:29,Mild Yawn,0.323,0.389,68,1
2024-11-27 23:33:29,Mild Yawn,0.299,0.357,68,1
2024-11-27 23:33:29,Mild Yawn,0.322,0.374,68,1
2024-11-27 23:33:29,Mild Yawn,0.303,0.359,68,1
2024-11-27 23:33:29,Mild Yawn,0.324,0.359,68,1
2024-11-27 23:33:29,Mild Yawn,0.336,0.366,68,1
2024-11-27 23:33:29,Mild Yawn,0.325,0.349,68,1
2024-11-27 23:33:29,Mild Yawn,0.341,0.382,68,1
2024-11-27 23:33:29,Mild Yawn,0.336,0.351,68,1
2024-11-27 23:33:30,Mild Yawn,0.334,0.373,68,1
2024-11-27 23:33:30,Mild Yawn,0.322,0.347,68,1
2024-11-27 23:33:30,Mild Yawn,0.367,0.373,68,1
2024-11-27 23:33:30,Mild Yawn,0.349,0.394,68,1
2024-11-27 23:33:30,Mild Yawn,0.344,0.383,68,1
2024-11-27 23:33:30,Mild Yawn,0.336,0.367,68,1
2024-11-27 23:33:30,Mild Yawn,0.346,0.410,68,1
2024-11-27 23:33:30,Mild Yawn,0.349,0.357,68,1
2024-11-27 23:33:30,Mild Yawn,0.343,0.385,68,1
2024-11-27 23:33:30,Mild Yawn,0.329,0.404,68,1
2024-11-27 23:33:31,Mild Yawn,0.135,0.392,68,1
2024-11-27 23:33:31,Mild Yawn,0.170,0.383,68,1
2024-11-27 23:33:31,Mild Yawn,0.259,0.385,68,1
2024-11-27 23:33:31,Mild Yawn,0.278,0.400,68,1
2024-11-27 23:33:31,Mild Yawn,0.324,0.352,68,1
2024-11-27 23:33:31,Mild Yawn,0.281,0.389,68,1
2024-11-27 23:33:31,Mild Yawn,0.305,0.352,68,1
2024-11-27 23:33:31,Mild Yawn,0.318,0.364,68,1
2024-11-27 23:33:31,Mild Yawn,0.061,0.406,68,1
2024-11-27 23:33:31,Mild Yawn,0.074,0.370,68,1
2024-11-27 23:33:32,SLEEPING !!!,0.063,0.375,68,1
2024-11-27 23:33:32,SLEEPING !!!,0.230,0.372,68,1
2024-11-27 23:33:32,Mild Yawn,0.318,0.369,69,1
2024-11-27 23:33:32,Mild Yawn,0.167,0.393,69,1
2024-11-27 23:33:32,Mild Yawn,0.112,0.347,69,1
2024-11-27 23:33:32,SLEEPING !!!,0.197,0.369,69,1
2024-11-27 23:33:32,SLEEPING !!!,0.172,0.389,69,1
2024-11-27 23:33:32,SLEEPING !!!,0.099,0.391,69,1
2024-11-27 23:33:32,SLEEPING !!!,0.118,0.354,69,1
2024-11-27 23:33:32,Mild Yawn,0.328,0.372,70,1
2024-11-27 23:33:33,Mild Yawn,0.376,0.390,70,1
2024-11-27 23:33:33,Mild Yawn,0.375,0.385,70,1
2024-11-27 23:33:33,Mild Yawn,0.105,0.367,70,1
2024-11-27 23:33:33,Mild Yawn,0.079,0.384,70,1
2024-11-27 23:33:33,SLEEPING !!!,0.188,0.388,70,1
2024-11-27 23:33:33,Mild Yawn,0.303,0.364,71,1
2024-11-27 23:33:33,Mild Yawn,0.159,0.372,71,1
2024-11-27 23:33:33,Mild Yawn,0.097,0.359,71,1
2024-11-27 23:33:33,SLEEPING !!!,0.165,0.391,71,1
2024-11-27 23:33:33,Mild Yawn,0.310,0.375,72,1
2024-11-27 23:33:34,Mild Yawn,0.303,0.377,72,1
2024-11-27 23:33:34,Mild Yawn,0.311,0.380,72,1
2024-11-27 23:33:34,Moderate Yawn !,0.304,0.621,72,1
2024-11-27 23:33:34,Mild Yawn,0.300,0.406,72,1
2024-11-27 23:33:34,Mild Yawn,0.320,0.395,72,1
2024-11-27 23:33:34,Mild Yawn,0.303,0.399,72,1
2024-11-27 23:33:34,Moderate Yawn !,0.299,0.625,72,1
2024-11-27 23:33:34,Mild Yawn,0.310,0.406,72,1
2024-11-27 23:33:34,Mild Yawn,0.188,0.546,72,1
2024-11-27 23:33:34,Mild Yawn,0.075,0.425,72,1
2024-11-27 23:33:35,SLEEPING !!!,0.178,0.400,72,1
2024-11-27 23:33:35,SLEEPING !!!,0.234,0.409,72,1
2024-11-27 23:33:35,SLEEPING !!!,0.250,0.424,72,1
2024-11-27 23:33:35,Mild Yawn,0.269,0.374,73,1
2024-11-27 23:33:35,Mild Yawn,0.246,0.399,73,1
2024-11-27 23:33:35,Mild Yawn,0.269,0.419,73,1
2024-11-27 23:33:35,Mild Yawn,0.246,0.377,73,1
2024-11-27 23:33:35,Mild Yawn,0.274,0.385,73,1
2024-11-27 23:33:35,Mild Yawn,0.282,0.430,73,1
2024-11-27 23:33:35,Mild Yawn,0.261,0.384,73,1
2024-11-27 23:33:36,Mild Yawn,0.262,0.376,73,1
2024-11-27 23:33:36,Mild Yawn,0.282,0.386,73,1
2024-11-27 23:33:36,Mild Yawn,0.282,0.390,73,1
2024-11-27 23:33:36,Mild Yawn,0.281,0.374,73,1
2024-11-27 23:33:36,Mild Yawn,0.281,0.375,73,1
2024-11-27 23:33:36,Mild Yawn,0.198,0.390,73,1
2024-11-27 23:33:36,Mild Yawn,0.138,0.377,73,1
2024-11-27 23:33:36,Mild Yawn,0.250,0.417,73,1
2024-11-27 23:33:36,Mild Yawn,0.280,0.394,73,1
2024-11-27 23:33:36,Mild Yawn,0.349,0.397,73,1
2024-11-27 23:33:37,Mild Yawn,0.331,0.390,73,1
2024-11-27 23:33:37,Mild Yawn,0.341,0.378,73,1
2024-11-27 23:33:37,Mild Yawn,0.353,0.375,73,1
2024-11-27 23:33:37,Mild Yawn,0.334,0.390,73,1
2024-11-27 23:33:37,Mild Yawn,0.349,0.397,73,1
2024-11-27 23:33:37,Mild Yawn,0.346,0.388,73,1
2024-11-27 23:33:37,Mild Yawn,0.356,0.370,73,1
2024-11-27 23:33:37,Mild Yawn,0.316,0.378,73,1
2024-11-27 23:33:37,Mild Yawn,0.177,0.369,73,1
2024-11-27 23:33:37,Mild Yawn,0.266,0.356,73,1
2024-11-27 23:33:38,Mild Yawn,0.310,0.354,73,1
2024-11-27 23:33:38,Mild Yawn,0.313,0.338,73,1
2024-11-27 23:33:38,Mild Yawn,0.290,0.360,73,1
2024-11-27 23:33:38,Mild Yawn,0.269,0.339,73,1
2024-11-27 23:33:38,Mild Yawn,0.157,0.324,73,1
2024-11-27 23:33:38,Mild Yawn,0.207,0.350,73,1
2024-11-27 23:33:38,SLEEPING !!!,0.242,0.385,73,1
2024-11-27 23:33:38,Mild Yawn,0.281,0.364,74,1
2024-11-27 23:33:38,Mild Yawn,0.268,0.347,74,1
2024-11-27 23:33:38,Mild Yawn,0.298,0.513,74,1
2024-11-27 23:33:39,Mild Yawn,0.311,0.477,74,1
2024-11-27 23:33:39,Mild Yawn,0.340,0.409,74,1
2024-11-27 23:33:39,Mild Yawn,0.357,0.396,74,1
2024-11-27 23:33:39,Mild Yawn,0.354,0.379,74,1
2024-11-27 23:33:39,Mild Yawn,0.362,0.385,74,1
2024-11-27 23:33:39,Mild Yawn,0.362,0.380,74,1
2024-11-27 23:33:39,Mild Yawn,0.207,0.448,74,1
2024-11-27 23:33:39,Mild Yawn,0.081,0.424,74,1
2024-11-27 23:33:39,SLEEPING !!!,0.093,0.423,74,1
2024-11-27 23:33:39,SLEEPING !!!,0.097,0.399,74,1
2024-11-27 23:33:40,SLEEPING !!!,0.126,0.436,74,1
2024-11-27 23:33:40,Mild Yawn,0.300,0.393,75,1
2024-11-27 23:33:40,Mild Yawn,0.352,0.431,75,1
2024-11-27 23:33:40,Mild Yawn,0.367,0.418,75,1
2024-11-27 23:33:40,Mild Yawn,0.383,0.413,75,1
2024-11-27 23:33:40,Mild Yawn,0.388,0.413,75,1
2024-11-27 23:33:40,Mild Yawn,0.210,0.451,75,1
2024-11-27 23:33:40,Mild Yawn,0.104,0.427,75,1
2024-11-27 23:33:40,SLEEPING !!!,0.070,0.412,75,1
2024-11-27 23:33:41,SLEEPING !!!,0.240,0.432,75,1
2024-11-27 23:33:41,Mild Yawn,0.338,0.467,76,1
2024-11-27 23:33:41,Mild Yawn,0.341,0.574,76,1
2024-11-27 23:33:41,Moderate Yawn !,0.351,0.677,76,1
2024-11-27 23:33:41,Moderate Yawn !,0.347,0.700,76,1
2024-11-27 23:33:41,Moderate Yawn !,0.338,0.758,76,1
2024-11-27 23:33:41,Moderate Yawn !,0.136,0.741,76,1
2024-11-27 23:33:41,Moderate Yawn !,0.171,0.738,76,1
2024-11-27 23:33:41,Moderate Yawn !,0.268,0.742,76,1
2024-11-27 23:33:41,Moderate Yawn !,0.299,0.744,76,1
2024-11-27 23:33:41,Moderate Yawn !,0.282,0.779,76,1
2024-11-27 23:33:42,Moderate Yawn !,0.109,0.766,76,1
2024-11-27 23:33:42,Severe Yawn !!!,0.229,0.815,76,1
2024-11-27 23:33:42,Moderate Yawn !,0.258,0.695,76,1
2024-11-27 23:33:42,Severe Yawn !!!,0.288,0.864,76,1
2024-11-27 23:33:42,Moderate Yawn !,0.283,0.688,76,1
2024-11-27 23:33:42,Moderate Yawn !,0.315,0.708,76,1
2024-11-27 23:33:42,Moderate Yawn !,0.293,0.704,76,1
2024-11-27 23:33:42,Severe Yawn !!!,0.278,0.812,76,1
2024-11-27 23:33:42,Moderate Yawn !,0.125,0.784,76,1
2024-11-27 23:33:43,Severe Yawn !!!,0.208,0.925,76,1
2024-11-27 23:33:43,Severe Yawn !!!,0.279,0.855,76,1
2024-11-27 23:33:43,Severe Yawn !!!,0.292,0.802,76,1
2024-11-27 23:33:43,Severe Yawn !!!,0.289,0.823,76,1
2024-11-27 23:33:43,Severe Yawn !!!,0.289,0.836,76,1
2024-11-27 23:33:43,Severe Yawn !!!,0.291,0.862,76,1
2024-11-27 23:33:43,Severe Yawn !!!,0.321,0.891,76,1
2024-11-27 23:33:43,Severe Yawn !!!,0.291,0.832,76,1
2024-11-27 23:33:43,Severe Yawn !!!,0.324,0.842,76,1
2024-11-27 23:33:43,Severe Yawn !!!,0.290,0.881,76,1
2024-11-27 23:33:44,Severe Yawn !!!,0.133,0.877,76,1
2024-11-27 23:33:44,Severe Yawn !!!,0.079,0.898,76,1
2024-11-27 23:33:44,SLEEPING !!!,0.217,0.884,76,1
2024-11-27 23:33:44,SLEEPING !!!,0.243,0.851,76,1
2024-11-27 23:33:44,Severe Yawn !!!,0.254,0.817,77,1
2024-11-27 23:33:44,Moderate Yawn !,0.264,0.749,77,1
2024-11-27 23:33:44,Mild Yawn,0.246,0.553,77,1
2024-11-27 23:33:44,Mild Yawn,0.280,0.340,77,1
2024-11-27 23:33:44,Mild Yawn,0.268,0.361,77,1
2024-11-27 23:33:44,Mild Yawn,0.304,0.374,77,1
2024-11-27 23:33:45,Mild Yawn,0.302,0.379,77,1
2024-11-27 23:33:45,Mild Yawn,0.297,0.388,77,1
2024-11-27 23:33:45,Mild Yawn,0.289,0.412,77,1
2024-11-27 23:33:45,Mild Yawn,0.134,0.481,77,1
2024-11-27 23:33:45,Mild Yawn,0.104,0.556,77,1
2024-11-27 23:33:45,SLEEPING !!!,0.207,0.619,77,1
2024-11-27 23:33:45,Moderate Yawn !,0.251,0.632,78,1
2024-11-27 23:33:45,Moderate Yawn !,0.269,0.728,78,1
2024-11-27 23:33:45,Moderate Yawn !,0.262,0.753,78,1
2024-11-27 23:33:45,Severe Yawn !!!,0.283,0.804,78,1
2024-11-27 23:33:46,Severe Yawn !!!,0.291,0.813,78,1
2024-11-27 23:33:46,Severe Yawn !!!,0.280,0.833,78,1
2024-11-27 23:33:46,Severe Yawn !!!,0.273,0.827,78,1
2024-11-27 23:33:46,Severe Yawn !!!,0.273,0.810,78,1
2024-11-27 23:33:46,Severe Yawn !!!,0.258,0.804,78,1
2024-11-27 23:33:46,Moderate Yawn !,0.243,0.790,78,1
2024-11-27 23:33:46,Moderate Yawn !,0.242,0.793,78,1
2024-11-27 23:33:46,SLEEPING !!!,0.082,0.798,78,1
2024-11-27 23:33:46,SLEEPING !!!,0.062,0.713,78,1
2024-11-27 23:33:46,SLEEPING !!!,0.100,0.524,78,1
2024-11-27 23:33:47,SLEEPING !!!,0.193,0.428,78,1
2024-11-27 23:33:47,SLEEPING !!!,0.239,0.395,78,1
2024-11-27 23:33:47,SLEEPING !!!,0.243,0.357,78,1
2024-11-27 23:33:47,Mild Yawn,0.251,0.352,79,1
2024-11-27 23:33:47,Mild Yawn,0.228,0.335,79,1
2024-11-27 23:33:47,Mild Yawn,0.255,0.331,79,1
2024-11-27 23:33:47,Mild Yawn,0.272,0.336,79,1
2024-11-27 23:33:47,Mild Yawn,0.212,0.367,79,1
2024-11-27 23:33:47,Mild Yawn,0.090,0.399,79,1
2024-11-27 23:33:47,SLEEPING !!!,0.120,0.389,79,1
2024-11-27 23:33:48,SLEEPING !!!,0.243,0.367,79,1
2024-11-27 23:33:48,Mild Yawn,0.261,0.378,80,1
2024-11-27 23:33:48,Mild Yawn,0.283,0.386,80,1
2024-11-27 23:33:48,Mild Yawn,0.283,0.353,80,1
2024-11-27 23:33:48,Mild Yawn,0.279,0.407,80,1
2024-11-27 23:33:48,Mild Yawn,0.291,0.373,80,1
2024-11-27 23:33:48,Mild Yawn,0.312,0.421,80,1
2024-11-27 23:33:48,Mild Yawn,0.315,0.536,80,1
2024-11-27 23:33:48,Mild Yawn,0.310,0.571,80,1
2024-11-27 23:33:48,Mild Yawn,0.188,0.578,80,1
2024-11-27 23:33:49,Mild Yawn,0.130,0.598,80,1
2024-11-27 23:33:49,SLEEPING !!!,0.236,0.590,80,1
2024-11-27 23:33:49,Mild Yawn,0.276,0.575,81,1
2024-11-27 23:33:49,Mild Yawn,0.290,0.589,81,1
2024-11-27 23:33:49,Mild Yawn,0.300,0.550,81,1
2024-11-27 23:33:49,Mild Yawn,0.283,0.570,81,1
2024-11-27 23:33:49,Mild Yawn,0.287,0.583,81,1
2024-11-27 23:33:49,Mild Yawn,0.294,0.578,81,1
2024-11-27 23:33:49,Mild Yawn,0.269,0.566,81,1
2024-11-27 23:33:49,Mild Yawn,0.272,0.544,81,1
2024-11-27 23:33:50,Mild Yawn,0.290,0.532,81,1
2024-11-27 23:33:50,Mild Yawn,0.201,0.492,81,1
2024-11-27 23:33:50,Mild Yawn,0.111,0.443,81,1
2024-11-27 23:33:50,SLEEPING !!!,0.199,0.417,81,1
2024-11-27 23:33:50,SLEEPING !!!,0.206,0.395,81,1
2024-11-27 23:33:50,SLEEPING !!!,0.221,0.376,81,1
2024-11-27 23:33:50,SLEEPING !!!,0.239,0.341,81,1
2024-11-27 23:33:50,SLEEPING !!!,0.239,0.386,81,1
2024-11-27 23:33:50,SLEEPING !!!,0.239,0.397,81,1
2024-11-27 23:33:50,SLEEPING !!!,0.250,0.406,81,1
2024-11-27 23:33:51,SLEEPING !!!,0.246,0.381,81,1
2024-11-27 23:33:51,SLEEPING !!!,0.239,0.385,81,1
2024-11-27 23:33:51,SLEEPING !!!,0.225,0.376,81,1
2024-11-27 23:33:51,Mild Yawn,0.254,0.368,82,1
2024-11-27 23:33:51,Mild Yawn,0.228,0.371,82,1
2024-11-27 23:33:51,Mild Yawn,0.221,0.358,82,1
2024-11-27 23:33:51,SLEEPING !!!,0.247,0.366,82,1
2024-11-27 23:33:51,SLEEPING !!!,0.217,0.342,82,1
2024-11-27 23:33:51,SLEEPING !!!,0.224,0.371,82,1
2024-11-27 23:33:51,SLEEPING !!!,0.214,0.386,82,1
2024-11-27 23:33:52,SLEEPING !!!,0.217,0.390,82,1
2024-11-27 23:33:52,SLEEPING !!!,0.221,0.411,82,1
2024-11-27 23:33:52,SLEEPING !!!,0.192,0.430,82,1
2024-11-27 23:33:52,SLEEPING !!!,0.247,0.435,82,1
2024-11-27 23:33:52,SLEEPING !!!,0.235,0.437,82,1
2024-11-27 23:33:52,SLEEPING !!!,0.246,0.398,82,1
2024-11-27 23:33:52,Mild Yawn,0.254,0.392,83,1
2024-11-27 23:33:52,Mild Yawn,0.193,0.396,83,1
2024-11-27 23:33:52,Mild Yawn,0.197,0.370,83,1
2024-11-27 23:33:52,SLEEPING !!!,0.148,0.341,83,1
2024-11-27 23:33:53,SLEEPING !!!,0.133,0.359,83,1
2024-11-27 23:33:53,SLEEPING !!!,0.160,0.366,83,1
2024-11-27 23:33:53,SLEEPING !!!,0.147,0.375,83,1
2024-11-27 23:33:53,SLEEPING !!!,0.147,0.375,83,1
2024-11-27 23:33:53,SLEEPING !!!,0.219,0.383,83,1
2024-11-27 23:33:53,Mild Yawn,0.261,0.342,84,1
2024-11-27 23:33:53,Mild Yawn,0.281,0.345,84,1
2024-11-27 23:33:53,Mild Yawn,0.254,0.336,84,1
2024-11-27 23:33:53,Mild Yawn,0.262,0.348,84,1
2024-11-27 23:33:53,Mild Yawn,0.280,0.319,84,1
2024-11-27 23:33:54,Mild Yawn,0.276,0.317,84,1
2024-11-27 23:33:54,Mild Yawn,0.249,0.332,84,1
2024-11-27 23:33:54,Mild Yawn,0.290,0.387,84,1
2024-11-27 23:33:54,Mild Yawn,0.294,0.351,84,1
2024-11-27 23:33:54,Mild Yawn,0.297,0.343,84,1
2024-11-27 23:33:54,Mild Yawn,0.335,0.334,84,1
2024-11-27 23:33:54,Mild Yawn,0.332,0.332,84,1
2024-11-27 23:33:54,Mild Yawn,0.321,0.335,84,1
2024-11-27 23:33:54,Mild Yawn,0.323,0.329,84,1
2024-11-27 23:33:54,Mild Yawn,0.336,0.318,84,1
2024-11-27 23:33:55,Mild Yawn,0.304,0.247,84,1
2024-11-27 23:33:55,Mild Yawn,0.333,0.252,84,1
2024-11-27 23:33:55,Mild Yawn,0.314,0.342,84,1
2024-11-27 23:33:55,Mild Yawn,0.311,0.362,84,1
2024-11-27 23:33:55,Mild Yawn,0.322,0.352,84,1
2024-11-27 23:33:55,Mild Yawn,0.309,0.341,84,1
2024-11-27 23:33:55,Mild Yawn,0.321,0.343,84,1
2024-11-27 23:33:55,Mild Yawn,0.312,0.324,84,1
2024-11-27 23:33:55,Mild Yawn,0.330,0.338,84,1
2024-11-27 23:33:55,Mild Yawn,0.305,0.354,84,1
2024-11-27 23:33:56,Mild Yawn,0.295,0.347,84,1
2024-11-27 23:33:56,Mild Yawn,0.322,0.311,84,1
2024-11-27 23:33:56,Mild Yawn,0.313,0.343,84,1
2024-11-27 23:33:56,Mild Yawn,0.316,0.319,84,1
2024-11-27 23:33:56,Mild Yawn,0.308,0.328,84,1
2024-11-27 23:33:56,Mild Yawn,0.214,0.367,84,1
2024-11-27 23:33:56,Mild Yawn,0.206,0.313,84,1
2024-11-27 23:33:56,Mild Yawn,0.294,0.335,84,1
2024-11-27 23:33:56,Mild Yawn,0.276,0.325,84,1
2024-11-27 23:33:56,Mild Yawn,0.223,0.313,84,1
2024-11-27 23:33:57,Mild Yawn,0.172,0.323,84,1
2024-11-27 23:33:57,SLEEPING !!!,0.180,0.331,84,1
2024-11-27 23:33:57,SLEEPING !!!,0.149,0.350,84,1
2024-11-27 23:33:57,SLEEPING !!!,0.145,0.318,84,1
2024-11-27 23:33:57,SLEEPING !!!,0.148,0.304,84,1
2024-11-27 23:33:57,SLEEPING !!!,0.135,0.311,84,1
2024-11-27 23:33:57,SLEEPING !!!,0.120,0.296,84,1
2024-11-27 23:33:57,SLEEPING !!!,0.149,0.327,84,1
2024-11-27 23:33:57,SLEEPING !!!,0.153,0.317,84,1
2024-11-27 23:33:57,SLEEPING !!!,0.207,0.363,84,1
2024-11-27 23:33:58,Mild Yawn,0.281,0.335,85,1
2024-11-27 23:33:58,Mild Yawn,0.282,0.316,85,1
2024-11-27 23:33:58,Mild Yawn,0.293,0.340,85,1
2024-11-27 23:33:58,Mild Yawn,0.258,0.359,85,1
2024-11-27 23:33:58,Mild Yawn,0.270,0.340,85,1
2024-11-27 23:33:58,Mild Yawn,0.270,0.349,85,1
2024-11-27 23:33:58,Mild Yawn,0.269,0.357,85,1
2024-11-27 23:33:58,Mild Yawn,0.250,0.388,85,1
2024-11-27 23:33:58,Mild Yawn,0.246,0.340,85,1
2024-11-27 23:33:58,Mild Yawn,0.269,0.345,85,1
2024-11-27 23:33:59,Mild Yawn,0.261,0.332,85,1
2024-11-27 23:33:59,Mild Yawn,0.250,0.347,85,1
2024-11-27 23:33:59,Mild Yawn,0.193,0.329,85,1
2024-11-27 23:33:59,Mild Yawn,0.162,0.332,85,1
2024-11-27 23:33:59,SLEEPING !!!,0.149,0.321,85,1
2024-11-27 23:33:59,SLEEPING !!!,0.135,0.309,85,1
2024-11-27 23:33:59,SLEEPING !!!,0.143,0.337,85,1
2024-11-27 23:33:59,SLEEPING !!!,0.212,0.361,85,1
2024-11-27 23:33:59,Mild Yawn,0.281,0.378,86,1
2024-11-27 23:33:59,Mild Yawn,0.277,0.385,86,1
2024-11-27 23:34:00,Mild Yawn,0.262,0.372,86,1
2024-11-27 23:34:00,Mild Yawn,0.269,0.403,86,1
2024-11-27 23:34:00,Mild Yawn,0.281,0.372,86,1
2024-11-27 23:34:00,Mild Yawn,0.282,0.413,86,1
2024-11-27 23:34:00,Mild Yawn,0.191,0.438,86,1
2024-11-27 23:34:00,Mild Yawn,0.251,0.352,86,1
2024-11-27 23:34:00,Mild Yawn,0.305,0.347,86,1
2024-11-27 23:34:00,Mild Yawn,0.324,0.324,86,1
2024-11-27 23:34:00,Mild Yawn,0.329,0.330,86,1
2024-11-27 23:34:00,Mild Yawn,0.321,0.345,86,1
2024-11-27 23:34:01,Mild Yawn,0.305,0.349,86,1
2024-11-27 23:34:01,Mild Yawn,0.343,0.350,86,1
2024-11-27 23:34:01,Mild Yawn,0.309,0.351,86,1
2024-11-27 23:34:01,Mild Yawn,0.315,0.352,86,1
2024-11-27 23:34:01,Mild Yawn,0.321,0.358,86,1
2024-11-27 23:34:01,Mild Yawn,0.301,0.365,86,1
2024-11-27 23:34:01,Mild Yawn,0.289,0.364,86,1
2024-11-27 23:34:01,Mild Yawn,0.260,0.363,86,1
2024-11-27 23:34:01,Mild Yawn,0.271,0.345,86,1
2024-11-27 23:34:01,Mild Yawn,0.283,0.339,86,1
2024-11-27 23:34:02,Mild Yawn,0.299,0.341,86,1
